State,Start Time,Duration
2,1734125339.91488,0.8999999999999999
2,1734125340.2818484,0.9999999999999999
0,1734125340.9026115,0.2
0,1734125341.3650627,0.30000000000000004
0,1734125341.8768103,0.4
0,1734125342.4148018,0.5
0,1734125342.8990562,0.6
0,1734125343.3463485,0.7
0,1734125343.8803806,0.7999999999999999
0,1734125344.312527,0.8999999999999999
0,1734125344.6964655,0.1
0,1734125345.059394,0.2
0,1734125345.4286695,0.30000000000000004
0,1734125345.8165684,0.4
2,1734125346.2496653,0.5
2,1734125346.6960618,0.6
2,1734125347.0551693,0.7
2,1734125347.419214,0.7999999999999999
2,1734125347.7849815,0.8999999999999999
0,1734125348.2630467,0.1
0,1734125348.6789124,0.2
0,1734125349.0431347,0.30000000000000004
0,1734125349.411288,0.4
0,1734125349.7671244,0.5
0,1734125350.127304,0.6
0,1734125350.4873059,0.7
0,1734125350.847414,0.1
0,1734125351.209114,0.2
0,1734125351.5780015,0.30000000000000004
2,1734125351.9475534,0.4
2,1734125352.310399,0.5
0,1734125352.7005992,0.1
0,1734125353.0625777,0.1
0,1734125353.4269104,0.2
0,1734125353.7870817,0.30000000000000004
0,1734125354.1430159,0.4
2,1734125354.4995959,0.5
2,1734125354.8590608,0.6
2,1734125355.2287247,0.7
0,1734125355.5855103,0.1
0,1734125355.9506488,0.1
0,1734125356.3150158,0.2
0,1734125356.6786282,0.30000000000000004
0,1734125357.041743,0.4
2,1734125357.4027255,0.5
2,1734125357.779096,0.6
2,1734125358.232212,0.7
2,1734125358.6595714,0.7999999999999999
2,1734125359.167785,0.8999999999999999
0,1734125359.5953348,0.1
0,1734125359.958392,0.2
0,1734125360.3192139,0.1
0,1734125360.6823437,0.2
0,1734125361.0427313,0.30000000000000004
2,1734125361.406475,0.4
2,1734125361.8652432,0.5
2,1734125362.2994628,0.6
2,1734125362.7580574,0.7
2,1734125363.1531572,0.7999999999999999
2,1734125363.5498388,0.8999999999999999
2,1734125363.9300191,0.9999999999999999
2,1734125364.290272,1.0999999999999999
2,1734125364.6545677,1.2
0,1734125365.01433,0.1
0,1734125365.3823843,0.2
0,1734125365.7356758,0.30000000000000004
0,1734125366.0942807,0.1
0,1734125366.4543836,0.2
0,1734125366.8463824,0.30000000000000004
0,1734125367.295893,0.4
2,1734125367.7302413,0.5
2,1734125368.0941527,0.6
0,1734125368.453922,0.1
0,1734125368.8139434,0.2
0,1734125369.1778305,0.1
0,1734125369.5378838,0.2
0,1734125369.9055023,0.30000000000000004
0,1734125370.2698479,0.4
0,1734125370.632905,0.1
0,1734125370.9938662,0.2
0,1734125371.3525624,0.1
0,1734125371.7175953,0.2
0,1734125372.0805657,0.30000000000000004
0,1734125372.4456766,0.4
2,1734125372.8017778,0.5
2,1734125373.1617448,0.6
2,1734125373.5127969,0.7
2,1734125373.8736744,0.7999999999999999
2,1734125374.2343183,0.8999999999999999
2,1734125374.5944912,0.9999999999999999
2,1734125374.9539993,1.0999999999999999
2,1734125375.3180997,1.2
2,1734125375.6817346,1.3
2,1734125376.046254,1.4000000000000001
2,1734125376.4070208,1.5000000000000002
0,1734125376.7668538,0.1
0,1734125377.1604388,0.2
0,1734125377.8786213,0.1
0,1734125378.4084964,0.2
0,1734125378.8469906,0.1
0,1734125379.2948196,0.1
0,1734125379.7725377,0.2
0,1734125380.1335168,0.1
0,1734125380.4891062,0.2
0,1734125380.91295,0.1
0,1734125381.3513181,0.2
0,1734125381.7773488,0.1
0,1734125382.2213657,0.1
0,1734125382.8938293,0.2
0,1734125383.34498,0.1
0,1734125383.8112757,0.2
0,1734125384.2435887,0.1
0,1734125384.6790087,0.2
0,1734125385.0450613,0.30000000000000004
2,1734125385.405142,0.4
2,1734125385.768878,0.5
2,1734125386.1293647,0.6
2,1734125386.4936776,0.7
2,1734125386.8574615,0.7999999999999999
2,1734125387.2124822,0.8999999999999999
2,1734125387.586168,0.9999999999999999
2,1734125388.001864,1.0999999999999999
2,1734125388.5458496,1.2
2,1734125388.9643953,1.3
2,1734125389.3217003,1.4000000000000001
2,1734125389.6794014,1.5000000000000002
2,1734125390.0414362,1.6000000000000003
2,1734125390.4003742,1.7000000000000004
2,1734125390.760496,1.8000000000000005
2,1734125391.1193895,1.9000000000000006
2,1734125391.4852629,2.0000000000000004
2,1734125391.8547308,2.1000000000000005
2,1734125392.2193964,2.2000000000000006
2,1734125392.580464,2.3000000000000007
2,1734125392.941316,2.400000000000001
2,1734125393.301791,2.500000000000001
2,1734125393.6598914,2.600000000000001
2,1734125394.021434,2.700000000000001
2,1734125394.4014833,2.800000000000001
2,1734125394.7610385,2.9000000000000012
2,1734125395.120513,3.0000000000000013
2,1734125395.4847336,3.1000000000000014
2,1734125395.8446932,3.2000000000000015
2,1734125396.204258,3.3000000000000016
2,1734125396.5600576,3.4000000000000017
2,1734125396.9200363,3.5000000000000018
2,1734125397.2722447,3.600000000000002
2,1734125397.6362998,3.700000000000002
2,1734125397.996967,3.800000000000002
2,1734125398.3600318,3.900000000000002
2,1734125398.7166193,4.000000000000002
2,1734125399.1924765,4.100000000000001
2,1734125399.579145,4.200000000000001
2,1734125400.0679939,4.300000000000001
2,1734125400.4832516,4.4
2,1734125400.9041693,4.5
2,1734125401.259107,4.6
2,1734125401.6240804,4.699999999999999
2,1734125401.9925072,4.799999999999999
2,1734125402.3599591,4.899999999999999
2,1734125402.7177782,4.999999999999998
2,1734125403.080428,5.099999999999998
2,1734125403.4407048,5.1999999999999975
2,1734125403.8015728,5.299999999999997
2,1734125404.1596153,5.399999999999997
2,1734125404.5197728,5.4999999999999964
2,1734125404.8877804,5.599999999999996
2,1734125405.2481246,5.699999999999996
2,1734125405.6117868,5.799999999999995
2,1734125405.9718482,5.899999999999995
2,1734125406.3316045,5.999999999999995
2,1734125406.6891227,6.099999999999994
2,1734125407.05595,6.199999999999994
2,1734125407.4121242,6.299999999999994
2,1734125407.772231,6.399999999999993
2,1734125408.1987073,6.499999999999993
2,1734125408.6285353,6.5999999999999925
2,1734125409.063335,6.699999999999992
2,1734125409.5976806,6.799999999999992
2,1734125410.0254858,6.8999999999999915
2,1734125410.5095298,6.999999999999991
2,1734125410.894767,7.099999999999991
2,1734125411.258366,7.19999999999999
2,1734125411.6187077,7.29999999999999
2,1734125411.983001,7.39999999999999
2,1734125412.3434122,7.499999999999989
2,1734125412.7040362,7.599999999999989
2,1734125413.0630887,7.699999999999989
2,1734125413.422099,7.799999999999988
2,1734125413.7796996,7.899999999999988
2,1734125414.276185,7.999999999999988
2,1734125414.7273557,8.099999999999987
2,1734125415.0948334,8.199999999999987
2,1734125415.4551783,8.299999999999986
2,1734125415.8154867,8.399999999999986
2,1734125416.1757023,8.499999999999986
2,1734125416.5352745,8.599999999999985
2,1734125417.134833,8.699999999999985
2,1734125417.545316,8.799999999999985
2,1734125418.026164,8.899999999999984
2,1734125418.4607828,8.999999999999984
2,1734125418.8605173,9.099999999999984
2,1734125419.2242517,9.199999999999983
2,1734125419.581704,9.299999999999983
2,1734125419.9425426,9.399999999999983
2,1734125420.2984107,9.499999999999982
2,1734125420.6609988,9.599999999999982
2,1734125421.1074448,9.699999999999982
2,1734125421.6768413,9.799999999999981
2,1734125422.138799,9.89999999999998
2,1734125422.9255176,9.99999999999998
2,1734125423.2854466,10.09999999999998
2,1734125423.64646,10.19999999999998
2,1734125424.0087128,10.29999999999998
2,1734125424.3701847,10.399999999999979
2,1734125424.7275105,10.499999999999979
2,1734125425.1880763,10.599999999999978
2,1734125425.6847045,10.699999999999978
2,1734125426.1588912,10.799999999999978
2,1734125426.704452,10.899999999999977
2,1734125427.0822978,10.999999999999977
2,1734125427.4426577,11.099999999999977
2,1734125427.808877,11.199999999999976
2,1734125428.1693418,11.299999999999976
2,1734125428.5344985,11.399999999999975
2,1734125428.897309,11.499999999999975
2,1734125429.257968,11.599999999999975
2,1734125429.6210148,11.699999999999974
2,1734125430.0135157,11.799999999999974
2,1734125430.4398448,11.899999999999974
2,1734125431.3697855,11.999999999999973
2,1734125431.7916226,12.099999999999973
2,1734125432.1656938,12.199999999999973
2,1734125432.5259624,12.299999999999972
2,1734125432.8832123,12.399999999999972
2,1734125433.245411,12.499999999999972
2,1734125433.6090763,12.599999999999971
2,1734125433.970915,12.69999999999997
2,1734125434.3335063,12.79999999999997
2,1734125434.6977453,12.89999999999997
2,1734125435.0609124,12.99999999999997
2,1734125435.4324608,13.09999999999997
2,1734125435.7894945,13.199999999999969
2,1734125436.1545043,13.299999999999969
2,1734125436.513773,13.399999999999968
2,1734125436.869367,13.499999999999968
2,1734125437.2289486,13.599999999999968
2,1734125437.5942867,13.699999999999967
2,1734125437.9533463,13.799999999999967
2,1734125438.3225265,13.899999999999967
2,1734125438.6870666,13.999999999999966
2,1734125439.049956,14.099999999999966
2,1734125439.4328496,14.199999999999966
2,1734125439.793835,14.299999999999965
2,1734125440.149197,14.399999999999965
2,1734125440.51055,14.499999999999964
2,1734125440.8738885,14.599999999999964
2,1734125441.2333794,14.699999999999964
2,1734125441.593964,14.799999999999963
2,1734125441.9575636,14.899999999999963
2,1734125442.3129892,14.999999999999963
2,1734125442.6696389,15.099999999999962
2,1734125443.0634887,15.199999999999962
2,1734125443.5317247,15.299999999999962
2,1734125444.0098882,15.399999999999961
2,1734125444.3698528,15.499999999999961
2,1734125444.7334437,15.59999999999996
2,1734125445.1016636,15.69999999999996
2,1734125445.4616406,15.79999999999996
2,1734125445.8129132,15.89999999999996
2,1734125446.17308,15.99999999999996
2,1734125446.5411038,16.09999999999996
2,1734125446.9098377,16.19999999999996
2,1734125447.265843,16.29999999999996
2,1734125447.6301672,16.399999999999963
2,1734125448.0079687,16.499999999999964
2,1734125448.3925028,16.599999999999966
2,1734125448.7576497,16.699999999999967
2,1734125449.116993,16.79999999999997
2,1734125449.4820375,16.89999999999997
2,1734125449.8490121,16.99999999999997
2,1734125450.2129927,17.099999999999973
2,1734125450.573269,17.199999999999974
2,1734125450.9749973,17.299999999999976
2,1734125451.5750554,17.399999999999977
2,1734125452.0907462,17.49999999999998
2,1734125452.5285013,17.59999999999998
2,1734125452.9242156,17.69999999999998
2,1734125453.3415377,17.799999999999983
2,1734125453.8424525,17.899999999999984
2,1734125454.236542,17.999999999999986
2,1734125454.5949502,18.099999999999987
2,1734125454.960744,18.19999999999999
2,1734125455.320474,18.29999999999999
2,1734125455.6805754,18.39999999999999
2,1734125456.11873,18.499999999999993
2,1734125456.5395968,18.599999999999994
2,1734125456.943971,18.699999999999996
2,1734125457.4505033,18.799999999999997
2,1734125457.8730345,18.9
2,1734125458.2495902,19.0
2,1734125458.609103,19.1
2,1734125458.9686832,19.200000000000003
2,1734125459.3318534,19.300000000000004
2,1734125459.6967213,19.400000000000006
2,1734125460.0559707,19.500000000000007
2,1734125460.4232323,19.60000000000001
2,1734125460.7802646,19.70000000000001
2,1734125461.1723464,19.80000000000001
2,1734125461.8548083,19.900000000000013
2,1734125462.3092153,20.000000000000014
2,1734125462.7643473,20.100000000000016
2,1734125463.1162796,20.200000000000017
2,1734125463.475925,20.30000000000002
2,1734125463.832315,20.40000000000002
2,1734125464.1920576,20.50000000000002
2,1734125464.5585988,20.600000000000023
2,1734125464.919877,20.700000000000024
2,1734125465.2837684,20.800000000000026
2,1734125465.6446307,20.900000000000027
2,1734125466.0042758,21.00000000000003
2,1734125466.3722706,21.10000000000003
2,1734125466.729286,21.20000000000003
2,1734125467.0878055,21.300000000000033
2,1734125467.44779,21.400000000000034
2,1734125467.80803,21.500000000000036
2,1734125468.1725087,21.600000000000037
2,1734125468.5308394,21.70000000000004
2,1734125468.8916452,21.80000000000004
2,1734125469.2561932,21.90000000000004
2,1734125469.6195283,22.000000000000043
2,1734125469.984761,22.100000000000044
2,1734125470.3490067,22.200000000000045
2,1734125470.7075372,22.300000000000047
2,1734125471.0679893,22.40000000000005
2,1734125471.4286785,22.50000000000005
2,1734125471.791799,22.60000000000005
2,1734125472.1525028,22.700000000000053
2,1734125472.5096624,22.800000000000054
2,1734125472.8916066,22.900000000000055
2,1734125473.2528045,23.000000000000057
2,1734125473.613367,23.10000000000006
2,1734125473.9872673,23.20000000000006
2,1734125474.350973,23.30000000000006
2,1734125474.7115371,23.400000000000063
2,1734125475.0690067,23.500000000000064
2,1734125475.4315107,23.600000000000065
2,1734125475.7912722,23.700000000000067
2,1734125476.1519134,23.800000000000068
2,1734125476.5239553,23.90000000000007
2,1734125476.8885303,24.00000000000007
2,1734125477.2548413,24.100000000000072
2,1734125477.6224563,24.200000000000074
2,1734125477.9871092,24.300000000000075
2,1734125478.4078965,24.400000000000077
2,1734125478.8279145,24.500000000000078
2,1734125479.361956,24.60000000000008
2,1734125479.7600853,24.70000000000008
2,1734125480.159061,24.800000000000082
2,1734125480.5196414,24.900000000000084
2,1734125480.8828707,25.000000000000085
2,1734125481.2404714,25.100000000000087
2,1734125481.598998,25.200000000000088
2,1734125481.9548378,25.30000000000009
2,1734125482.3189652,25.40000000000009
2,1734125482.685361,25.500000000000092
2,1734125483.0510828,25.600000000000094
2,1734125483.4906237,25.700000000000095
2,1734125483.9792616,25.800000000000097
2,1734125484.378311,25.900000000000098
2,1734125484.7911105,26.0000000000001
2,1734125485.1867466,26.1000000000001
2,1734125485.5477133,26.200000000000102
2,1734125485.9075298,26.300000000000104
2,1734125486.2589352,26.400000000000105
2,1734125486.6226099,26.500000000000107
2,1734125486.9794042,26.600000000000108
2,1734125487.338596,26.70000000000011
2,1734125487.698838,26.80000000000011
2,1734125488.058825,26.900000000000112
2,1734125488.4146862,27.000000000000114
2,1734125488.7747405,27.100000000000115
2,1734125489.1321099,27.200000000000117
2,1734125489.494356,27.300000000000118
2,1734125489.8513505,27.40000000000012
2,1734125490.2142057,27.50000000000012
2,1734125490.5741482,27.600000000000122
2,1734125490.9331868,27.700000000000124
2,1734125491.293973,27.800000000000125
2,1734125491.6504366,27.900000000000126
2,1734125492.0070376,28.000000000000128
2,1734125492.3660347,28.10000000000013
2,1734125492.7233748,28.20000000000013
2,1734125493.0877447,28.300000000000132
2,1734125493.4462395,28.400000000000134
2,1734125493.8071337,28.500000000000135
2,1734125494.1704755,28.600000000000136
2,1734125494.5263042,28.700000000000138
2,1734125494.8902009,28.80000000000014
2,1734125495.2503674,28.90000000000014
2,1734125495.6116643,29.000000000000142
2,1734125495.9701104,29.100000000000144
2,1734125496.3306997,29.200000000000145
2,1734125496.692862,29.300000000000146
2,1734125497.0545046,29.400000000000148
2,1734125497.4089782,29.50000000000015
2,1734125497.8081982,29.60000000000015
2,1734125498.1741476,29.700000000000152
2,1734125498.5346506,29.800000000000153
2,1734125498.8945637,29.900000000000155
2,1734125499.2541783,30.000000000000156
2,1734125499.6133184,30.100000000000158
2,1734125499.9816036,30.20000000000016
2,1734125500.3418128,30.30000000000016
2,1734125500.698312,30.400000000000162
2,1734125501.0588183,30.500000000000163
2,1734125501.418574,30.600000000000165
2,1734125501.778278,30.700000000000166
2,1734125502.141288,30.800000000000168
2,1734125502.5066397,30.90000000000017
2,1734125502.8624878,31.00000000000017
2,1734125503.224486,31.100000000000172
2,1734125503.5858266,31.200000000000173
2,1734125503.945878,31.300000000000175
2,1734125504.305658,31.400000000000176
2,1734125504.6656623,31.500000000000178
2,1734125505.0258186,31.60000000000018
2,1734125505.389458,31.70000000000018
2,1734125505.749519,31.800000000000182
2,1734125506.1050067,31.900000000000183
2,1734125506.4694917,32.000000000000185
2,1734125506.825294,32.100000000000186
2,1734125507.3740692,32.20000000000019
2,1734125507.7375047,32.30000000000019
2,1734125508.097516,32.40000000000019
2,1734125508.457771,32.50000000000019
2,1734125508.817138,32.60000000000019
2,1734125509.1813033,32.700000000000195
2,1734125509.5472558,32.800000000000196
2,1734125509.9052324,32.9000000000002
2,1734125510.2691848,33.0000000000002
2,1734125510.6321762,33.1000000000002
2,1734125510.9980686,33.2000000000002
2,1734125511.361079,33.3000000000002
2,1734125511.7238538,33.400000000000205
2,1734125512.0856533,33.500000000000206
2,1734125512.449034,33.60000000000021
2,1734125512.8062305,33.70000000000021
2,1734125513.1965137,33.80000000000021
2,1734125513.8151114,33.90000000000021
2,1734125514.1813078,34.00000000000021
2,1734125514.5443954,34.100000000000215
2,1734125514.916753,34.200000000000216
2,1734125515.2810154,34.30000000000022
2,1734125515.6487226,34.40000000000022
2,1734125516.0131829,34.50000000000022
2,1734125516.3726654,34.60000000000022
2,1734125516.7332573,34.70000000000022
2,1734125517.1007376,34.800000000000225
2,1734125517.4859283,34.900000000000226
2,1734125517.8536727,35.00000000000023
2,1734125518.2150102,35.10000000000023
2,1734125518.580543,35.20000000000023
2,1734125518.940889,35.30000000000023
2,1734125519.3048308,35.40000000000023
2,1734125519.6644564,35.500000000000234
2,1734125520.0293934,35.600000000000236
2,1734125520.3915336,35.70000000000024
2,1734125520.7527506,35.80000000000024
2,1734125521.112958,35.90000000000024
2,1734125521.476541,36.00000000000024
2,1734125521.8571203,36.10000000000024
2,1734125522.220404,36.200000000000244
2,1734125522.5816472,36.300000000000246
2,1734125522.9372525,36.40000000000025
2,1734125523.3007536,36.50000000000025
2,1734125523.667788,36.60000000000025
2,1734125524.0331576,36.70000000000025
2,1734125524.4131377,36.80000000000025
2,1734125524.7753239,36.900000000000254
2,1734125525.1319788,37.000000000000256
2,1734125525.492186,37.10000000000026
2,1734125525.856453,37.20000000000026
2,1734125526.2169585,37.30000000000026
2,1734125526.580895,37.40000000000026
2,1734125526.9495382,37.50000000000026
2,1734125527.3188946,37.600000000000264
2,1734125527.922883,37.700000000000266
2,1734125528.4173422,37.80000000000027
2,1734125528.8739002,37.90000000000027
2,1734125529.31601,38.00000000000027
2,1734125529.6791985,38.10000000000027
2,1734125530.0566583,38.20000000000027
2,1734125530.415829,38.300000000000274
2,1734125530.7788498,38.400000000000276
2,1734125531.1355846,38.50000000000028
2,1734125531.519686,38.60000000000028
2,1734125531.918703,38.70000000000028
2,1734125532.992064,38.80000000000028
2,1734125533.439782,38.90000000000028
2,1734125533.8133445,39.000000000000284
2,1734125534.176179,39.100000000000286
2,1734125534.5363505,39.20000000000029
2,1734125534.892384,39.30000000000029
2,1734125535.2526753,39.40000000000029
2,1734125535.6199694,39.50000000000029
2,1734125535.9797528,39.60000000000029
2,1734125536.3732493,39.700000000000294
2,1734125536.7837517,39.800000000000296
2,1734125537.1834397,39.9000000000003
2,1734125537.543477,40.0000000000003
2,1734125538.0948925,40.1000000000003
2,1734125538.463245,40.2000000000003
2,1734125538.8276198,40.3000000000003
2,1734125539.1872728,40.400000000000304
2,1734125539.5476909,40.500000000000306
2,1734125539.904122,40.60000000000031
2,1734125540.2685568,40.70000000000031
2,1734125540.6316674,40.80000000000031
2,1734125540.9912434,40.90000000000031
2,1734125541.351093,41.00000000000031
2,1734125541.7115462,41.100000000000314
2,1734125542.080415,41.200000000000315
2,1734125542.4429154,41.30000000000032
2,1734125542.7997434,41.40000000000032
2,1734125543.158481,41.50000000000032
2,1734125543.521216,41.60000000000032
2,1734125543.8832886,41.70000000000032
2,1734125544.244141,41.800000000000324
2,1734125544.6073143,41.900000000000325
2,1734125544.9628298,42.00000000000033
2,1734125545.3233008,42.10000000000033
2,1734125545.679904,42.20000000000033
2,1734125546.0436158,42.30000000000033
2,1734125546.4108844,42.40000000000033
2,1734125546.77371,42.500000000000334
2,1734125547.1348727,42.600000000000335
2,1734125547.5025234,42.70000000000034
2,1734125547.871072,42.80000000000034
2,1734125548.232028,42.90000000000034
2,1734125548.5948446,43.00000000000034
2,1734125548.952414,43.10000000000034
2,1734125549.3145423,43.200000000000344
2,1734125549.674866,43.300000000000345
2,1734125550.0339863,43.40000000000035
2,1734125550.3918116,43.50000000000035
2,1734125550.7579174,43.60000000000035
2,1734125551.127358,43.70000000000035
2,1734125551.4909227,43.80000000000035
2,1734125551.8794754,43.900000000000354
2,1734125552.2573738,44.000000000000355
2,1734125552.8150039,44.10000000000036
2,1734125553.307673,44.20000000000036
2,1734125553.7169833,44.30000000000036
2,1734125554.173123,44.40000000000036
2,1734125554.5291135,44.50000000000036
2,1734125554.8872666,44.600000000000364
2,1734125555.246608,44.700000000000365
2,1734125555.618316,44.80000000000037
2,1734125555.9787552,44.90000000000037
2,1734125556.3546307,45.00000000000037
2,1734125556.7135212,45.10000000000037
2,1734125557.073764,45.20000000000037
2,1734125557.4600074,45.300000000000374
2,1734125557.987296,45.400000000000375
2,1734125558.5745482,45.50000000000038
2,1734125558.9340575,45.60000000000038
2,1734125559.2982352,45.70000000000038
2,1734125559.6630585,45.80000000000038
2,1734125560.0247686,45.90000000000038
2,1734125560.3885083,46.000000000000384
2,1734125560.750312,46.100000000000385
2,1734125561.1064813,46.20000000000039
2,1734125561.4660368,46.30000000000039
2,1734125561.8255153,46.40000000000039
2,1734125562.1862223,46.50000000000039
2,1734125562.550129,46.60000000000039
2,1734125562.905658,46.700000000000394
2,1734125563.2652464,46.800000000000395
2,1734125563.6259568,46.9000000000004
2,1734125563.978503,47.0000000000004
2,1734125564.338154,47.1000000000004
2,1734125564.6936498,47.2000000000004
2,1734125565.0618887,47.3000000000004
2,1734125565.4384987,47.400000000000404
2,1734125565.7965248,47.500000000000405
2,1734125566.1581604,47.600000000000406
2,1734125566.5178545,47.70000000000041
2,1734125566.8774936,47.80000000000041
2,1734125567.237532,47.90000000000041
2,1734125567.597653,48.00000000000041
2,1734125567.9538076,48.10000000000041
2,1734125568.3140686,48.200000000000415
2,1734125568.6761043,48.300000000000416
2,1734125569.0373704,48.40000000000042
2,1734125569.3965216,48.50000000000042
2,1734125569.7616632,48.60000000000042
2,1734125570.1482651,48.70000000000042
2,1734125570.5101476,48.80000000000042
2,1734125570.8692982,48.900000000000425
2,1734125571.236821,49.000000000000426
2,1734125571.6000688,49.10000000000043
2,1734125571.9650857,49.20000000000043
2,1734125572.3289695,49.30000000000043
2,1734125572.6901834,49.40000000000043
2,1734125573.0501306,49.50000000000043
2,1734125573.4131787,49.600000000000435
2,1734125573.7732012,49.700000000000436
2,1734125574.1375709,49.80000000000044
2,1734125574.497078,49.90000000000044
2,1734125574.8653517,50.00000000000044
2,1734125575.2294133,50.10000000000044
2,1734125575.5890818,50.20000000000044
2,1734125575.9452024,50.300000000000445
2,1734125576.3049114,50.400000000000446
2,1734125576.8919635,50.50000000000045
2,1734125577.253711,50.60000000000045
2,1734125577.6215613,50.70000000000045
2,1734125577.9810708,50.80000000000045
2,1734125578.3474283,50.90000000000045
2,1734125578.7091527,51.000000000000455
2,1734125579.0687652,51.100000000000456
2,1734125579.4295695,51.20000000000046
2,1734125579.7884429,51.30000000000046
2,1734125580.14904,51.40000000000046
2,1734125580.5088828,51.50000000000046
2,1734125580.8702404,51.60000000000046
2,1734125581.237283,51.700000000000465
2,1734125581.5887618,51.800000000000466
2,1734125581.9457119,51.90000000000047
2,1734125582.3048012,52.00000000000047
2,1734125582.6647413,52.10000000000047
2,1734125583.021398,52.20000000000047
2,1734125583.380355,52.30000000000047
2,1734125583.7367928,52.400000000000475
2,1734125584.0967982,52.500000000000476
2,1734125584.4606764,52.60000000000048
2,1734125585.0564122,52.70000000000048
2,1734125585.3767912,52.80000000000048
2,1734125585.7403424,52.90000000000048
2,1734125586.1003935,53.00000000000048
2,1734125586.4643111,53.100000000000485
2,1734125586.8211062,53.200000000000486
2,1734125587.1798482,53.30000000000049
2,1734125587.5402863,53.40000000000049
2,1734125587.9009466,53.50000000000049
2,1734125588.264418,53.60000000000049
2,1734125588.624281,53.70000000000049
2,1734125588.9844544,53.800000000000495
2,1734125589.3439863,53.900000000000496
2,1734125589.7080884,54.0000000000005
2,1734125590.074233,54.1000000000005
2,1734125590.4811807,54.2000000000005
2,1734125590.9839783,54.3000000000005
2,1734125591.4655302,54.4000000000005
2,1734125591.938249,54.500000000000504
2,1734125592.8306475,54.600000000000506
2,1734125593.2260718,54.70000000000051
2,1734125593.5997615,54.80000000000051
2,1734125593.959736,54.90000000000051
2,1734125594.3201091,55.00000000000051
2,1734125594.67898,55.10000000000051
2,1734125595.0399854,55.200000000000514
2,1734125595.3950255,55.300000000000516
2,1734125595.7638814,55.40000000000052
2,1734125596.1239815,55.50000000000052
2,1734125596.5391638,55.60000000000052
2,1734125596.981028,55.70000000000052
2,1734125597.4434988,55.80000000000052
2,1734125597.8158102,55.900000000000524
2,1734125598.1797743,56.000000000000526
2,1734125598.5396252,56.10000000000053
2,1734125598.8998182,56.20000000000053
2,1734125599.2639296,56.30000000000053
2,1734125599.6949384,56.40000000000053
2,1734125600.143715,56.50000000000053
2,1734125600.6666176,56.600000000000534
2,1734125601.1483114,56.700000000000536
2,1734125601.5673552,56.80000000000054
2,1734125601.9309568,56.90000000000054
2,1734125602.2951064,57.00000000000054
2,1734125602.65568,57.10000000000054
2,1734125603.0194063,57.20000000000054
2,1734125603.379878,57.300000000000544
2,1734125603.7365003,57.400000000000546
2,1734125604.0996506,57.50000000000055
2,1734125604.5806754,57.60000000000055
2,1734125604.9799716,57.70000000000055
2,1734125605.4482353,57.80000000000055
2,1734125605.8157067,57.90000000000055
2,1734125606.1755168,58.000000000000554
2,1734125606.5368097,58.100000000000556
2,1734125606.9070082,58.20000000000056
2,1734125607.2659333,58.30000000000056
2,1734125607.6311917,58.40000000000056
2,1734125607.9871817,58.50000000000056
2,1734125608.3511877,58.60000000000056
2,1734125608.7143931,58.700000000000564
2,1734125609.0788226,58.800000000000566
2,1734125609.457495,58.90000000000057
2,1734125609.8192103,59.00000000000057
2,1734125610.1876426,59.10000000000057
2,1734125610.5468817,59.20000000000057
2,1734125610.9070218,59.30000000000057
2,1734125611.2629485,59.400000000000574
2,1734125611.627571,59.500000000000576
2,1734125611.982778,59.60000000000058
2,1734125612.3468585,59.70000000000058
2,1734125612.7108786,59.80000000000058
2,1734125613.0710015,59.90000000000058
2,1734125613.4271345,60.00000000000058
2,1734125613.790348,60.100000000000584
2,1734125614.154467,60.200000000000585
2,1734125614.5190055,60.30000000000059
2,1734125614.875065,60.40000000000059
2,1734125615.2388287,60.50000000000059
2,1734125615.6033015,60.60000000000059
2,1734125615.9689429,60.70000000000059
2,1734125616.3345313,60.800000000000594
2,1734125616.6947665,60.900000000000595
2,1734125617.0549064,61.0000000000006
2,1734125617.4150672,61.1000000000006
2,1734125617.8682702,61.2000000000006
2,1734125618.3460834,61.3000000000006
2,1734125618.7791684,61.4000000000006
2,1734125619.1988482,61.500000000000604
2,1734125619.579916,61.600000000000605
2,1734125619.9462788,61.70000000000061
2,1734125620.310511,61.80000000000061
2,1734125620.6706288,61.90000000000061
2,1734125621.0337405,62.00000000000061
2,1734125621.3947678,62.10000000000061
2,1734125621.7956085,62.200000000000614
2,1734125622.1722908,62.300000000000615
2,1734125622.6144426,62.40000000000062
2,1734125623.2172375,62.50000000000062
2,1734125623.6365728,62.60000000000062
2,1734125624.042674,62.70000000000062
2,1734125624.3948562,62.80000000000062
2,1734125624.7578218,62.900000000000624
2,1734125625.1183183,63.000000000000625
2,1734125625.4811242,63.10000000000063
2,1734125625.8439004,63.20000000000063
2,1734125626.208755,63.30000000000063
2,1734125626.6073487,63.40000000000063
2,1734125627.079548,63.50000000000063
2,1734125627.5312438,63.600000000000634
2,1734125627.9068685,63.700000000000635
2,1734125628.2707174,63.80000000000064
2,1734125628.6336317,63.90000000000064
2,1734125628.989409,64.00000000000064
2,1734125629.3538947,64.10000000000063
2,1734125629.7137787,64.20000000000063
2,1734125630.081301,64.30000000000062
2,1734125630.4501421,64.40000000000062
2,1734125630.8087885,64.50000000000061
2,1734125631.170362,64.6000000000006
2,1734125631.5379229,64.7000000000006
2,1734125631.8957067,64.8000000000006
2,1734125632.2616153,64.90000000000059
2,1734125632.6251736,65.00000000000058
2,1734125632.9815683,65.10000000000058
2,1734125633.3432443,65.20000000000057
2,1734125633.7091136,65.30000000000057
2,1734125634.0734882,65.40000000000056
2,1734125634.4293869,65.50000000000055
2,1734125634.787672,65.60000000000055
2,1734125635.1734006,65.70000000000054
2,1734125635.5337915,65.80000000000054
2,1734125635.901653,65.90000000000053
2,1734125636.2694314,66.00000000000053
2,1734125636.6289623,66.10000000000052
2,1734125636.9865108,66.20000000000051
2,1734125637.3502576,66.30000000000051
2,1734125637.713005,66.4000000000005
2,1734125638.0813067,66.5000000000005
2,1734125638.4412646,66.60000000000049
2,1734125638.7996206,66.70000000000049
2,1734125639.161939,66.80000000000048
2,1734125639.537325,66.90000000000047
2,1734125639.9009871,67.00000000000047
2,1734125640.2615385,67.10000000000046
2,1734125640.6294801,67.20000000000046
2,1734125640.9886663,67.30000000000045
2,1734125641.3494346,67.40000000000045
2,1734125641.7165124,67.50000000000044
2,1734125642.0720305,67.60000000000043
2,1734125642.4449363,67.70000000000043
2,1734125642.8035,67.80000000000042
2,1734125643.173502,67.90000000000042
2,1734125643.5329607,68.00000000000041
2,1734125643.8929343,68.1000000000004
2,1734125644.2536092,68.2000000000004
2,1734125644.617342,68.3000000000004
2,1734125644.97252,68.40000000000039
2,1734125645.3327384,68.50000000000038
2,1734125645.684779,68.60000000000038
2,1734125646.0442977,68.70000000000037
2,1734125646.4007776,68.80000000000037
2,1734125646.7607455,68.90000000000036
2,1734125647.120138,69.00000000000036
2,1734125647.4804895,69.10000000000035
2,1734125647.8409529,69.20000000000034
2,1734125648.2005928,69.30000000000034
2,1734125648.5642228,69.40000000000033
2,1734125648.9358625,69.50000000000033
2,1734125649.2938657,69.60000000000032
2,1734125649.6524386,69.70000000000032
2,1734125650.0123508,69.80000000000031
2,1734125650.3786433,69.9000000000003
2,1734125650.7403781,70.0000000000003
2,1734125651.1007078,70.10000000000029
2,1734125651.468364,70.20000000000029
2,1734125651.828564,70.30000000000028
2,1734125652.1966214,70.40000000000028
2,1734125652.5605106,70.50000000000027
2,1734125652.932029,70.60000000000026
2,1734125653.2925773,70.70000000000026
2,1734125653.660181,70.80000000000025
2,1734125654.0235462,70.90000000000025
2,1734125654.3841372,71.00000000000024
2,1734125654.747953,71.10000000000024
2,1734125655.104373,71.20000000000023
2,1734125655.4681509,71.30000000000022
2,1734125655.8286428,71.40000000000022
2,1734125656.192744,71.50000000000021
2,1734125656.5542433,71.60000000000021
2,1734125656.9120657,71.7000000000002
2,1734125657.2720377,71.8000000000002
2,1734125657.6400142,71.90000000000019
2,1734125657.9998343,72.00000000000018
2,1734125658.362225,72.10000000000018
2,1734125658.9820428,72.20000000000017
2,1734125659.3441288,72.30000000000017
2,1734125659.7084675,72.40000000000016
2,1734125660.0677567,72.50000000000016
2,1734125660.4316761,72.60000000000015
2,1734125660.7967913,72.70000000000014
2,1734125661.1632996,72.80000000000014
2,1734125661.5681324,72.90000000000013
2,1734125661.9806948,73.00000000000013
2,1734125662.4468107,73.10000000000012
2,1734125663.1661932,73.20000000000012
2,1734125663.6197915,73.30000000000011
2,1734125663.9837205,73.4000000000001
2,1734125664.3438904,73.5000000000001
2,1734125664.706627,73.6000000000001
2,1734129559.8661609,0.8999999999999999
2,1734129560.2160506,0.9999999999999999
2,1734129560.5622544,1.0999999999999999
2,1734129560.908304,1.2
2,1734129561.2557552,1.3
2,1734129561.6040776,1.4000000000000001
2,1734129561.9514499,1.5000000000000002
2,1734129562.2997034,1.6000000000000003
2,1734129562.6546938,1.7000000000000004
2,1734129563.0117478,1.8000000000000005
2,1734129563.363721,1.9000000000000006
2,1734129563.8765733,2.0000000000000004
2,1734129564.3383152,2.1000000000000005
2,1734129565.3610895,2.2000000000000006
2,1734129565.8736455,2.3000000000000007
2,1734129566.3779788,2.400000000000001
2,1734129566.903196,2.500000000000001
2,1734129567.2963321,2.600000000000001
2,1734129567.6834004,2.700000000000001
2,1734129568.0316136,2.800000000000001
2,1734129568.3833601,2.9000000000000012
2,1734129568.8239276,3.0000000000000013
2,1734129569.572703,3.1000000000000014
2,1734129569.9231958,3.2000000000000015
2,1734129570.2771297,3.3000000000000016
2,1734129571.0194526,3.4000000000000017
2,1734129571.517813,3.5000000000000018
2,1734129571.8666534,3.600000000000002
2,1734129572.2232857,3.700000000000002
2,1734129572.575115,3.800000000000002
2,1734129572.9230807,3.900000000000002
2,1734129573.2720644,4.000000000000002
2,1734129573.6194816,4.100000000000001
2,1734129573.9669123,4.200000000000001
2,1734129574.317534,4.300000000000001
2,1734129574.6661513,4.4
2,1734129575.0181522,4.5
2,1734129575.3668401,4.6
2,1734129575.7192812,4.699999999999999
2,1734129576.070811,4.799999999999999
2,1734129576.4190142,4.899999999999999
2,1734129576.7710695,4.999999999999998
2,1734129577.1146417,5.099999999999998
2,1734129577.4670613,5.1999999999999975
2,1734129577.8231645,5.299999999999997
2,1734129578.1749268,5.399999999999997
2,1734129578.5227556,5.4999999999999964
2,1734129578.8783221,5.599999999999996
2,1734129579.2312448,5.699999999999996
2,1734129579.57913,5.799999999999995
2,1734129579.9269154,5.899999999999995
2,1734129580.274569,5.999999999999995
2,1734129580.7720752,6.099999999999994
2,1734129581.5356054,6.199999999999994
2,1734129582.355354,6.299999999999994
2,1734129582.7345467,6.399999999999993
2,1734129583.0825126,6.499999999999993
2,1734129583.4308538,6.5999999999999925
2,1734129583.7822447,6.699999999999992
2,1734129584.1343522,6.799999999999992
2,1734129584.4868338,6.8999999999999915
2,1734129585.0449874,6.999999999999991
2,1734129586.1940386,7.099999999999991
2,1734129586.5707715,7.19999999999999
2,1734129586.918438,7.29999999999999
2,1734129587.269985,7.39999999999999
2,1734129587.6226418,7.499999999999989
2,1734129587.970511,7.599999999999989
2,1734129588.3184395,7.699999999999989
2,1734129588.666554,7.799999999999988
2,1734129589.014214,7.899999999999988
2,1734129589.3665082,7.999999999999988
2,1734129590.1622918,8.099999999999987
2,1734129590.6462739,8.199999999999987
2,1734129590.998428,8.299999999999986
2,1734129591.3498929,8.399999999999986
2,1734129591.7034113,8.499999999999986
2,1734129592.0494573,8.599999999999985
2,1734129592.3984535,8.699999999999985
2,1734129592.7538085,8.799999999999985
2,1734129593.0984118,8.899999999999984
2,1734129593.4462264,8.999999999999984
2,1734129593.7989097,9.099999999999984
2,1734129594.145943,9.199999999999983
2,1734129594.496467,9.299999999999983
2,1734129594.8424711,9.399999999999983
2,1734129595.1980174,9.499999999999982
2,1734129595.550085,9.599999999999982
2,1734129595.9059944,9.699999999999982
2,1734129596.2540946,9.799999999999981
2,1734129596.610115,9.89999999999998
2,1734129596.9694066,9.99999999999998
2,1734129597.3220665,10.09999999999998
2,1734129597.6782758,10.19999999999998
2,1734129598.0336947,10.29999999999998
2,1734129598.3820956,10.399999999999979
2,1734129598.7302263,10.499999999999979
2,1734129599.078277,10.599999999999978
2,1734129599.4257832,10.699999999999978
2,1734129599.7777128,10.799999999999978
2,1734129600.130117,10.899999999999977
2,1734129600.4844072,10.999999999999977
2,1734129600.8322215,11.099999999999977
2,1734129601.181546,11.199999999999976
2,1734129601.5269685,11.299999999999976
2,1734129601.877872,11.399999999999975
2,1734129602.2293262,11.499999999999975
2,1734129602.5774722,11.599999999999975
2,1734129602.930415,11.699999999999974
2,1734129603.2775269,11.799999999999974
2,1734129603.636984,11.899999999999974
2,1734129603.9926462,11.999999999999973
2,1734129604.3390324,12.099999999999973
2,1734129604.6857462,12.199999999999973
2,1734129605.040937,12.299999999999972
2,1734129605.3892214,12.399999999999972
2,1734129606.1162388,12.499999999999972
2,1734129606.5069244,12.599999999999971
2,1734129606.9341707,12.69999999999997
2,1734129607.874033,12.79999999999997
2,1734129608.229494,12.89999999999997
2,1734129608.581367,12.99999999999997
2,1734129609.08544,13.09999999999997
2,1734129609.608997,13.199999999999969
2,1734129609.957518,13.299999999999969
2,1734129610.3054798,13.399999999999968
2,1734129610.690408,13.499999999999968
2,1734129611.535549,13.599999999999968
2,1734129611.897319,13.699999999999967
2,1734129612.2515314,13.799999999999967
2,1734129612.6012938,13.899999999999967
2,1734129613.1817052,13.999999999999966
2,1734129613.6919105,14.099999999999966
2,1734129614.0492523,14.199999999999966
2,1734129614.4011474,14.299999999999965
2,1734129614.7462444,14.399999999999965
2,1734129615.0934844,14.499999999999964
2,1734129615.4409285,14.599999999999964
2,1734129615.8209476,14.699999999999964
2,1734129616.4549706,14.799999999999963
2,1734129616.9261873,14.899999999999963
2,1734129617.3771522,14.999999999999963
2,1734129618.0943437,15.099999999999962
2,1734129618.8129547,15.199999999999962
2,1734129619.160719,15.299999999999962
2,1734129619.513069,15.399999999999961
2,1734129619.9298189,15.499999999999961
2,1734129620.6892757,15.59999999999996
2,1734129621.0365243,15.69999999999996
2,1734129621.3864868,15.79999999999996
2,1734129621.782048,15.89999999999996
2,1734129622.654076,15.99999999999996
2,1734129623.2165208,16.09999999999996
2,1734129623.6180875,16.19999999999996
2,1734129624.0321245,16.29999999999996
2,1734129624.546395,16.399999999999963
2,1734129624.9005237,16.499999999999964
2,1734129625.244352,16.599999999999966
2,1734129625.5925844,16.699999999999967
2,1734129625.9409728,16.79999999999997
2,1734129626.2893803,16.89999999999997
2,1734129626.6409254,16.99999999999997
2,1734129626.9922388,17.099999999999973
2,1734129627.3403826,17.199999999999974
2,1734129627.6889086,17.299999999999976
2,1734129628.7485693,17.399999999999977
2,1734129629.100525,17.49999999999998
2,1734129629.4477882,17.59999999999998
2,1734129629.793296,17.69999999999998
2,1734129630.140582,17.799999999999983
2,1734129630.4842286,17.899999999999984
2,1734129630.8290558,17.999999999999986
2,1734129631.1763973,18.099999999999987
2,1734129631.5245924,18.19999999999999
2,1734129631.8764853,18.29999999999999
2,1734129632.2279022,18.39999999999999
2,1734129632.576626,18.499999999999993
2,1734129632.920199,18.599999999999994
2,1734129633.2760932,18.699999999999996
2,1734129633.6324694,18.799999999999997
2,1734129634.0525765,18.9
2,1734129634.8561652,19.0
2,1734129635.2089484,19.1
2,1734129635.5558512,19.200000000000003
2,1734129635.9071279,19.300000000000004
2,1734129636.2559452,19.400000000000006
2,1734129636.612192,19.500000000000007
2,1734129636.961555,19.60000000000001
2,1734129637.3117545,19.70000000000001
2,1734129637.660628,19.80000000000001
2,1734129638.2686017,19.900000000000013
2,1734129638.7590067,20.000000000000014
2,1734129639.107582,20.100000000000016
2,1734129639.455482,20.200000000000017
2,1734129639.8195665,20.30000000000002
2,1734129640.2984524,20.40000000000002
2,1734129640.7386863,20.50000000000002
2,1734129641.0955265,20.600000000000023
2,1734129641.4475534,20.700000000000024
2,1734129641.7924929,20.800000000000026
2,1734129642.147873,20.900000000000027
2,1734129788.0377147,0.8999999999999999
2,1734129788.4034429,0.9999999999999999
2,1734129788.7785213,1.0999999999999999
2,1734129789.1395795,1.2
2,1734129789.4995472,1.3
2,1734129789.8598409,1.4000000000000001
2,1734129790.2198236,1.5000000000000002
2,1734129790.589088,1.6000000000000003
2,1734129790.9515722,1.7000000000000004
2,1734129791.3120384,1.8000000000000005
2,1734129791.6719527,1.9000000000000006
2,1734129792.0359488,2.0000000000000004
0,1734129792.6435535,0.2
0,1734129793.004195,0.30000000000000004
0,1734129793.3690813,0.4
0,1734129793.732668,0.5
0,1734129794.097344,0.6
0,1734129794.460157,0.7
0,1734129794.8234465,0.7999999999999999
0,1734129795.1884983,0.8999999999999999
0,1734129795.552343,0.9999999999999999
0,1734129795.9134169,1.0999999999999999
0,1734129796.2734222,0.1
0,1734129796.637631,0.2
0,1734129796.9970803,0.30000000000000004
0,1734129797.3578072,0.4
2,1734129797.7213914,0.5
2,1734129798.0821831,0.6
2,1734129798.4455721,0.7
0,1734129798.8101444,0.1
0,1734129799.1988964,0.2
0,1734129799.628651,0.30000000000000004
0,1734129800.0576475,0.1
0,1734129800.4175088,0.2
0,1734129800.7871408,0.30000000000000004
0,1734129801.1577005,0.4
2,1734129801.5139751,0.5
2,1734129801.8779316,0.6
2,1734129802.2380795,0.7
2,1734129802.6025968,0.7999999999999999
0,1734129802.962754,0.1
0,1734129803.3222067,0.2
0,1734129803.6866224,0.30000000000000004
0,1734129804.0458074,0.4
0,1734129804.4064023,0.5
0,1734129804.7675552,0.6
0,1734129805.1303809,0.1
0,1734129805.4944208,0.2
0,1734129805.8548381,0.30000000000000004
0,1734129806.2148075,0.4
2,1734129806.5788524,0.5
2,1734129806.942707,0.6
2,1734129807.3026595,0.7
2,1734129807.6625316,0.7999999999999999
2,1734129808.0189679,0.8999999999999999
2,1734129808.3790693,0.9999999999999999
2,1734129808.738606,1.0999999999999999
2,1734129809.0991545,1.2
2,1734129809.459371,1.3
2,1734129809.8271945,1.4000000000000001
2,1734129810.2614625,1.5000000000000002
2,1734129810.7324378,1.6000000000000003
2,1734129811.144173,1.7000000000000004
2,1734129811.6467853,1.8000000000000005
2,1734129812.1321688,1.9000000000000006
2,1734129812.495542,2.0000000000000004
2,1734129812.8594139,2.1000000000000005
2,1734129813.219776,2.2000000000000006
2,1734129813.580071,2.3000000000000007
2,1734129813.9446673,2.400000000000001
2,1734129814.4123147,2.500000000000001
2,1734129814.809785,2.600000000000001
2,1734129815.643728,2.700000000000001
2,1734129816.063527,2.800000000000001
2,1734129816.4243116,2.9000000000000012
2,1734129816.7842581,3.0000000000000013
2,1734129817.1486845,3.1000000000000014
2,1734129817.5083413,3.2000000000000015
2,1734129817.8709025,3.3000000000000016
2,1734129818.2296107,3.4000000000000017
2,1734129818.5929446,3.5000000000000018
2,1734129818.9499516,3.600000000000002
2,1734129819.5528681,3.700000000000002
2,1734129819.9891367,3.800000000000002
2,1734129820.3570392,3.900000000000002
2,1734129820.7173967,4.000000000000002
2,1734129821.0822895,4.100000000000001
2,1734129821.4573336,4.200000000000001
2,1734129821.8171816,4.300000000000001
2,1734129822.1771102,4.4
2,1734129822.536957,4.5
2,1734129822.8958356,4.6
2,1734129823.3168008,4.699999999999999
2,1734129823.7638032,4.799999999999999
2,1734129824.1941562,4.899999999999999
2,1734129824.5577002,4.999999999999998
2,1734129824.91761,5.099999999999998
2,1734129825.277986,5.1999999999999975
2,1734129825.6423407,5.299999999999997
2,1734129826.0012507,5.399999999999997
2,1734129826.357969,5.4999999999999964
2,1734129826.7186732,5.599999999999996
2,1734129827.0818052,5.699999999999996
2,1734129827.4418736,5.799999999999995
2,1734129827.8067656,5.899999999999995
2,1734129828.1704366,5.999999999999995
2,1734129828.5361154,6.099999999999994
2,1734129828.8984952,6.199999999999994
2,1734129829.2671537,6.299999999999994
2,1734129829.626218,6.399999999999993
2,1734129829.9869874,6.499999999999993
2,1734129830.3520977,6.5999999999999925
2,1734129830.719043,6.699999999999992
2,1734129831.0802724,6.799999999999992
2,1734129831.443649,6.8999999999999915
2,1734129831.8069386,6.999999999999991
2,1734129832.1711977,7.099999999999991
2,1734129832.5387692,7.19999999999999
2,1734129832.9030986,7.29999999999999
2,1734129833.263869,7.39999999999999
2,1734129833.6310537,7.499999999999989
2,1734129833.9913359,7.599999999999989
2,1734129834.640666,7.699999999999989
2,1734129835.0033715,7.799999999999988
2,1734129835.3881748,7.899999999999988
2,1734129835.7877867,7.999999999999988
2,1734129836.2198303,8.099999999999987
2,1734129836.5797174,8.199999999999987
2,1734129836.9436152,8.299999999999986
2,1734129837.308126,8.399999999999986
2,1734129837.675758,8.499999999999986
2,1734129838.0357962,8.599999999999985
2,1734129838.3997629,8.699999999999985
2,1734129838.7608156,8.799999999999985
2,1734129839.1238725,8.899999999999984
2,1734129839.48835,8.999999999999984
2,1734129839.8478482,9.099999999999984
2,1734129840.2040553,9.199999999999983
2,1734129840.5639992,9.299999999999983
2,1734129840.9282734,9.399999999999983
2,1734129841.291403,9.499999999999982
2,1734129841.6482046,9.599999999999982
2,1734129842.0050755,9.699999999999982
2,1734129842.3646355,9.799999999999981
2,1734129842.7244933,9.89999999999998
2,1734129843.08612,9.99999999999998
2,1734129843.4481742,10.09999999999998
2,1734129843.8138378,10.19999999999998
2,1734129844.172685,10.29999999999998
2,1734129844.5324109,10.399999999999979
2,1734129844.8928564,10.499999999999979
2,1734129845.2528152,10.599999999999978
2,1734129845.613456,10.699999999999978
2,1734129845.969154,10.799999999999978
2,1734129846.3332765,10.899999999999977
2,1734129846.6897297,10.999999999999977
2,1734129847.0600986,11.099999999999977
2,1734129847.4222286,11.199999999999976
2,1734129847.8152044,11.299999999999976
2,1734129848.1783197,11.399999999999975
2,1734129848.5493107,11.499999999999975
2,1734129848.9164567,11.599999999999975
2,1734129849.2813265,11.699999999999974
2,1734129849.6460376,11.799999999999974
2,1734129850.0055728,11.899999999999974
2,1734129850.3664262,11.999999999999973
2,1734129850.7293663,12.099999999999973
2,1734129851.0892606,12.199999999999973
2,1734129851.4517002,12.299999999999972
2,1734129851.817579,12.399999999999972
2,1734129852.1780548,12.499999999999972
2,1734129852.5375671,12.599999999999971
2,1734129852.9048383,12.69999999999997
2,1734129853.265579,12.79999999999997
2,1734129853.6301942,12.89999999999997
2,1734129853.9940057,12.99999999999997
2,1734129854.3529263,13.09999999999997
2,1734129854.7138338,13.199999999999969
2,1734129855.0744534,13.299999999999969
2,1734129855.4341779,13.399999999999968
2,1734129855.7945285,13.499999999999968
2,1734129856.1587656,13.599999999999968
2,1734129856.526369,13.699999999999967
2,1734129856.890554,13.799999999999967
2,1734129857.2506711,13.899999999999967
2,1734129857.614896,13.999999999999966
2,1734129857.9748366,14.099999999999966
2,1734129858.3390234,14.199999999999966
2,1734129858.7030578,14.299999999999965
2,1734129859.0669637,14.399999999999965
2,1734129859.4310114,14.499999999999964
2,1734129859.795487,14.599999999999964
2,1734129860.1507452,14.699999999999964
2,1734129860.51523,14.799999999999963
2,1734129860.8751552,14.899999999999963
2,1734129861.2513509,14.999999999999963
2,1734129861.6890867,15.099999999999962
2,1734129862.1189225,15.199999999999962
2,1734129862.5861855,15.299999999999962
2,1734129863.0548089,15.399999999999961
2,1734129863.4320028,15.499999999999961
2,1734129863.7951589,15.59999999999996
2,1734129864.155575,15.69999999999996
2,1734129864.5161989,15.79999999999996
2,1734129864.8764436,15.89999999999996
2,1734129865.2402043,15.99999999999996
2,1734129865.5994546,16.09999999999996
2,1734129865.9602206,16.19999999999996
2,1734129866.337402,16.29999999999996
2,1734129866.7380178,16.399999999999963
2,1734129867.153866,16.499999999999964
2,1734129867.5235739,16.599999999999966
2,1734129867.8881104,16.699999999999967
2,1734129868.2519274,16.79999999999997
2,1734129868.6119025,16.89999999999997
2,1734129868.9752238,16.99999999999997
2,1734129869.3393657,17.099999999999973
2,1734129869.7043872,17.199999999999974
2,1734129870.0665197,17.299999999999976
2,1734129870.4336607,17.399999999999977
2,1734129870.7961402,17.49999999999998
2,1734129871.1464474,17.59999999999998
2,1734129871.5096576,17.69999999999998
2,1734129871.8612623,17.799999999999983
2,1734129872.2203,17.899999999999984
2,1734129872.5918193,17.999999999999986
2,1734129872.9601457,18.099999999999987
2,1734129873.3251748,18.19999999999999
2,1734129873.6861713,18.29999999999999
2,1734129874.0502162,18.39999999999999
2,1734129874.4169745,18.499999999999993
2,1734129874.780752,18.599999999999994
2,1734129875.1412926,18.699999999999996
2,1734129875.5011086,18.799999999999997
2,1734129875.8652847,18.9
2,1734129876.2252216,19.0
2,1734129877.1386907,19.1
2,1734129877.8673418,19.200000000000003
2,1734129878.384755,19.300000000000004
2,1734129879.3244727,19.400000000000006
2,1734129879.6852624,19.500000000000007
2,1734129880.0427108,19.60000000000001
2,1734129880.3988295,19.70000000000001
2,1734129880.7584212,19.80000000000001
2,1734129881.1242785,19.900000000000013
2,1734129881.59032,20.000000000000014
2,1734129882.133659,20.100000000000016
2,1734129882.819588,20.200000000000017
2,1734129883.5041645,20.30000000000002
2,1734129883.9928787,20.40000000000002
2,1734129885.1301477,20.50000000000002
2,1734129885.7229373,20.600000000000023
2,1734129886.3142989,20.700000000000024
2,1734129886.8289099,20.800000000000026
2,1734129887.325214,20.900000000000027
2,1734129888.037615,21.00000000000003
2,1734129888.7146187,21.10000000000003
2,1734129889.5928676,21.20000000000003
2,1734129890.315329,21.300000000000033
2,1734129890.6753683,21.400000000000034
2,1734129891.0365002,21.500000000000036
2,1734129891.3961375,21.600000000000037
2,1734129891.755744,21.70000000000004
2,1734129892.1256096,21.80000000000004
2,1734129892.9320846,21.90000000000004
2,1734129893.4635754,22.000000000000043
2,1734129893.8273494,22.100000000000044
2,1734129894.183437,22.200000000000045
2,1734129894.5438645,22.300000000000047
2,1734129894.913961,22.40000000000005
2,1734129895.2676098,22.50000000000005
2,1734129895.6193364,22.60000000000005
2,1734129895.9764943,22.700000000000053
2,1734129896.329507,22.800000000000054
2,1734129896.692447,22.900000000000055
2,1734129897.0606012,23.000000000000057
2,1734129897.5785515,23.10000000000006
2,1734129898.1894474,23.20000000000006
2,1734129898.7192512,23.30000000000006
2,1734129899.4162068,23.400000000000063
2,1734129899.9178433,23.500000000000064
2,1734129900.4561136,23.600000000000065
2,1734129900.8168607,23.700000000000067
2,1734129901.1698468,23.800000000000068
2,1734129901.5321121,23.90000000000007
2,1734129901.8920453,24.00000000000007
2,1734129902.2584813,24.100000000000072
2,1734129903.4333763,24.200000000000074
2,1734129904.532876,24.300000000000075
2,1734129905.3606768,24.400000000000077
2,1734129905.7209134,24.500000000000078
2,1734129906.0792115,24.60000000000008
2,1734129906.6883066,24.70000000000008
2,1734129907.7524974,24.800000000000082
2,1734129908.7605724,24.900000000000084
0,1734129909.485476,0.1
0,1734129909.8533778,0.2
0,1734129910.231442,0.30000000000000004
0,1734129910.6721632,0.4
0,1734129911.1704626,0.5
0,1734129911.6420727,0.6
0,1734129912.0047693,0.7
0,1734129912.4037719,0.7999999999999999
0,1734129913.3675826,0.8999999999999999
0,1734129913.737857,0.9999999999999999
0,1734129914.0975828,1.0999999999999999
0,1734129914.469803,1.2
0,1734129914.834836,1.3
0,1734129915.2008338,1.4000000000000001
0,1734129915.5698893,1.5000000000000002
0,1734129915.9351737,1.6000000000000003
0,1734129916.289715,1.7000000000000004
0,1734129916.654756,1.8000000000000005
0,1734129917.0131931,1.9000000000000006
0,1734129917.4366589,2.0000000000000004
0,1734129918.0611587,2.1000000000000005
0,1734129919.0074751,2.2000000000000006
0,1734129919.837925,2.3000000000000007
0,1734129920.6372113,2.400000000000001
0,1734129921.4300656,2.500000000000001
0,1734129921.7909973,2.600000000000001
0,1734129922.1547992,2.700000000000001
0,1734129922.9756176,2.800000000000001
0,1734129923.587432,2.9000000000000012
0,1734129924.6113062,3.0000000000000013
0,1734129925.2274613,3.1000000000000014
0,1734129925.6133611,3.2000000000000015
0,1734129925.9829345,3.3000000000000016
0,1734129926.3367462,3.4000000000000017
0,1734129926.7029514,3.5000000000000018
0,1734129927.0669363,3.600000000000002
0,1734129927.4297352,3.700000000000002
0,1734129927.795217,3.800000000000002
0,1734129928.156911,3.900000000000002
0,1734129928.6813831,4.000000000000002
2,1734129929.5191488,0.1
2,1734129929.887445,0.2
2,1734129930.24758,0.30000000000000004
2,1734129930.6004179,0.4
2,1734129930.9682631,0.5
2,1734129931.3352416,0.6
2,1734129931.6919494,0.7
2,1734129932.059768,0.7999999999999999
2,1734129932.4233348,0.8999999999999999
2,1734129932.7901478,0.9999999999999999
2,1734129933.161057,1.0999999999999999
0,1734129933.5514169,0.1
0,1734129933.932191,0.2
0,1734129934.2921937,0.30000000000000004
0,1734129934.6563005,0.4
0,1734129935.0152826,0.5
0,1734129935.3724334,0.6
0,1734129935.73198,0.7
0,1734129936.083989,0.7999999999999999
0,1734129936.4401605,0.8999999999999999
0,1734129936.7961197,0.9999999999999999
0,1734129937.1562195,1.0999999999999999
0,1734129937.5241332,1.2
0,1734129937.8890717,1.3
0,1734129938.2438436,1.4000000000000001
0,1734129938.8483589,1.5000000000000002
0,1734129939.4761343,1.6000000000000003
0,1734129939.8536317,1.7000000000000004
0,1734129940.2248077,1.8000000000000005
0,1734129940.5808988,1.9000000000000006
0,1734129940.9481611,2.0000000000000004
0,1734129941.312486,2.1000000000000005
0,1734129941.6721423,2.2000000000000006
0,1734129942.0357742,2.3000000000000007
0,1734129942.4004636,2.400000000000001
0,1734129942.7605367,2.500000000000001
0,1734129943.1241574,2.600000000000001
0,1734129943.4903276,2.700000000000001
0,1734129943.860483,2.800000000000001
0,1734129944.2284474,2.9000000000000012
0,1734129944.5979207,3.0000000000000013
0,1734129944.9630795,3.1000000000000014
0,1734129945.333423,3.2000000000000015
0,1734129945.7786512,3.3000000000000016
0,1734129946.5146616,3.4000000000000017
2,1734130090.4681728,0.8999999999999999
2,1734130090.8345103,0.9999999999999999
2,1734130091.2007518,1.0999999999999999
2,1734130091.5671606,1.2
2,1734130091.9301455,1.3
2,1734130092.3065388,1.4000000000000001
2,1734130092.6761725,1.5000000000000002
2,1734130093.0440292,1.6000000000000003
2,1734130093.406823,1.7000000000000004
2,1734130093.7821245,1.8000000000000005
2,1734130094.1544979,1.9000000000000006
2,1734130094.5258574,2.0000000000000004
2,1734130094.8982248,2.1000000000000005
2,1734130095.2702236,2.2000000000000006
2,1734130095.6359515,2.3000000000000007
2,1734130095.9985843,2.400000000000001
2,1734130096.3685727,2.500000000000001
2,1734130096.7340326,2.600000000000001
2,1734130097.0957007,2.700000000000001
2,1734130097.4547765,2.800000000000001
2,1734130097.8223293,2.9000000000000012
2,1734130098.181531,3.0000000000000013
2,1734130098.5505788,3.1000000000000014
2,1734130098.9151528,3.2000000000000015
2,1734130099.2784665,3.3000000000000016
2,1734130099.644081,3.4000000000000017
2,1734130100.009082,3.5000000000000018
2,1734130100.3785658,3.600000000000002
2,1734130100.7426798,3.700000000000002
2,1734130101.1194823,3.800000000000002
2,1734130101.4890735,3.900000000000002
2,1734130101.8533618,4.000000000000002
2,1734130102.2115638,4.100000000000001
2,1734130102.5768106,4.200000000000001
2,1734130102.9392416,4.300000000000001
2,1734130103.3069215,4.4
2,1734130103.670571,4.5
2,1734130104.0377073,4.6
2,1734130104.4065692,4.699999999999999
2,1734130104.7749348,4.799999999999999
2,1734130105.14128,4.899999999999999
2,1734130105.5068874,4.999999999999998
2,1734130105.8754811,5.099999999999998
2,1734130106.2481086,5.1999999999999975
2,1734130106.6187234,5.299999999999997
2,1734130106.9863894,5.399999999999997
2,1734130107.351984,5.4999999999999964
2,1734130107.7147098,5.599999999999996
2,1734130108.0865076,5.699999999999996
2,1734130108.4485087,5.799999999999995
2,1734130108.8174624,5.899999999999995
2,1734130109.1910346,5.999999999999995
2,1734130109.5556495,6.099999999999994
2,1734130109.9284139,6.199999999999994
2,1734130110.2868714,6.299999999999994
2,1734130110.6593528,6.399999999999993
2,1734130111.0195856,6.499999999999993
2,1734130111.381866,6.5999999999999925
2,1734130111.7470374,6.699999999999992
2,1734130112.1109378,6.799999999999992
2,1734130112.4787734,6.8999999999999915
2,1734130112.8428798,6.999999999999991
2,1734130113.212842,7.099999999999991
2,1734130113.5749679,7.19999999999999
2,1734130113.9397483,7.29999999999999
2,1734130114.3036063,7.39999999999999
2,1734130114.6671467,7.499999999999989
2,1734130115.0316296,7.599999999999989
2,1734130115.3910692,7.699999999999989
2,1734130115.7560835,7.799999999999988
2,1734130116.119321,7.899999999999988
2,1734130116.4832764,7.999999999999988
2,1734130116.8510592,8.099999999999987
2,1734130117.2152424,8.199999999999987
2,1734130117.5794213,8.299999999999986
2,1734130117.94384,8.399999999999986
2,1734130118.3112195,8.499999999999986
2,1734130118.6760392,8.599999999999985
2,1734130119.0390968,8.699999999999985
2,1734130119.3992076,8.799999999999985
2,1734130119.7645187,8.899999999999984
2,1734130120.1273453,8.999999999999984
2,1734130120.4968915,9.099999999999984
2,1734130120.8598042,9.199999999999983
2,1734130121.2272708,9.299999999999983
2,1734130121.599345,9.399999999999983
2,1734130121.9637468,9.499999999999982
2,1734130411.8784559,0.8999999999999999
2,1734130501.8961055,0.8999999999999999
2,1734130502.248904,0.9999999999999999
2,1734130502.6009908,1.0999999999999999
2,1734130502.9749053,1.2
2,1734130503.32481,1.3
2,1734130503.6768212,1.4000000000000001
2,1734130504.0329137,1.5000000000000002
2,1734130504.385293,1.6000000000000003
2,1734130504.737661,1.7000000000000004
2,1734130505.0919073,1.8000000000000005
2,1734130505.444574,1.9000000000000006
2,1734130505.7969737,2.0000000000000004
2,1734130506.148865,2.1000000000000005
2,1734130506.4935465,2.2000000000000006
2,1734130506.8406875,2.3000000000000007
2,1734130507.1889207,2.400000000000001
2,1734130507.537381,2.500000000000001
2,1734130507.8850393,2.600000000000001
2,1734130508.2328315,2.700000000000001
2,1734130508.585023,2.800000000000001
2,1734130508.9409807,2.9000000000000012
2,1734130509.293117,3.0000000000000013
2,1734130509.6401083,3.1000000000000014
2,1734130509.9934828,3.2000000000000015
2,1734130510.3370144,3.3000000000000016
2,1734130510.6887512,3.4000000000000017
2,1734130511.0456767,3.5000000000000018
2,1734130511.401076,3.600000000000002
2,1734130511.7530599,3.700000000000002
2,1734130512.100979,3.800000000000002
2,1734130512.4494426,3.900000000000002
2,1734130512.800861,4.000000000000002
2,1734130513.18129,4.100000000000001
2,1734130513.5297086,4.200000000000001
2,1734130513.8890224,4.300000000000001
2,1734130514.2369516,4.4
2,1734130514.5890293,4.5
2,1734130514.936105,4.6
2,1734130515.2970383,4.699999999999999
2,1734130515.6457322,4.799999999999999
2,1734130515.9932961,4.899999999999999
2,1734130516.3475385,4.999999999999998
2,1734130516.7007098,5.099999999999998
2,1734130517.050505,5.1999999999999975
2,1734130517.4039953,5.299999999999997
2,1734130517.7562685,5.399999999999997
2,1734130518.1081088,5.4999999999999964
2,1734130518.458791,5.599999999999996
2,1734130518.812947,5.699999999999996
2,1734130519.1648617,5.799999999999995
2,1734130519.5101192,5.899999999999995
2,1734130519.8605988,5.999999999999995
2,1734130520.2115097,6.099999999999994
2,1734130520.5608425,6.199999999999994
2,1734130520.909117,6.299999999999994
2,1734130521.258145,6.399999999999993
2,1734130521.6086082,6.499999999999993
2,1734130521.965321,6.5999999999999925
2,1734130522.3168364,6.699999999999992
2,1734130522.661658,6.799999999999992
2,1734130523.0126865,6.8999999999999915
2,1734130523.3610375,6.999999999999991
2,1734130523.712983,7.099999999999991
2,1734130524.060746,7.19999999999999
2,1734130524.4095805,7.29999999999999
2,1734130524.7565038,7.39999999999999
2,1734130525.1058235,7.499999999999989
2,1734130525.4495864,7.599999999999989
2,1734130525.8000057,7.699999999999989
2,1734130526.1487195,7.799999999999988
2,1734130526.5025895,7.899999999999988
2,1734130526.8571892,7.999999999999988
2,1734130527.2167933,8.099999999999987
2,1734130527.5652947,8.199999999999987
2,1734130527.9167888,8.299999999999986
2,1734130528.2685518,8.399999999999986
2,1734130528.6214075,8.499999999999986
2,1734130528.9688685,8.599999999999985
2,1734130529.316964,8.699999999999985
2,1734130529.6684804,8.799999999999985
2,1734130530.0169923,8.899999999999984
2,1734130530.3646102,8.999999999999984
2,1734130530.7165031,9.099999999999984
2,1734130531.0688756,9.199999999999983
2,1734130531.4175165,9.299999999999983
2,1734130531.7606795,9.399999999999983
2,1734130532.1126919,9.499999999999982
2,1734130532.459667,9.599999999999982
2,1734130532.8089638,9.699999999999982
2,1734130533.1606517,9.799999999999981
2,1734130533.5142467,9.89999999999998
2,1734130533.8651083,9.99999999999998
2,1734130534.2142031,10.09999999999998
2,1734130534.5727959,10.19999999999998
2,1734130534.9333951,10.29999999999998
2,1734130535.2807417,10.399999999999979
2,1734130535.6327138,10.499999999999979
2,1734130535.9805303,10.599999999999978
2,1734130536.3333426,10.699999999999978
2,1734130536.6846173,10.799999999999978
2,1734130537.0326357,10.899999999999977
2,1734130537.3805914,10.999999999999977
2,1734130537.7284663,11.099999999999977
2,1734130538.0811396,11.199999999999976
2,1734130538.432592,11.299999999999976
2,1734130538.78536,11.399999999999975
2,1734130539.1298046,11.499999999999975
2,1734130539.4740543,11.599999999999975
2,1734130539.8329494,11.699999999999974
2,1734130540.188868,11.799999999999974
2,1734130540.5477877,11.899999999999974
2,1734130540.9068503,11.999999999999973
2,1734130541.2653596,12.099999999999973
2,1734130541.6207168,12.199999999999973
2,1734130541.977038,12.299999999999972
2,1734130542.3287532,12.399999999999972
2,1734130542.6843696,12.499999999999972
2,1734130543.0363133,12.599999999999971
2,1734130543.3882108,12.69999999999997
2,1734130543.7409527,12.79999999999997
2,1734130544.0964475,12.89999999999997
2,1734130544.443063,12.99999999999997
2,1734130544.7930398,13.09999999999997
2,1734130545.140735,13.199999999999969
2,1734130545.514568,13.299999999999969
2,1734130546.157964,13.399999999999968
2,1734130547.2112699,13.499999999999968
2,1734130547.6085293,13.599999999999968
2,1734130547.964397,13.699999999999967
2,1734130548.316584,13.799999999999967
2,1734130548.6654775,13.899999999999967
2,1734130549.0124876,13.999999999999966
2,1734130549.3643878,14.099999999999966
2,1734130549.722323,14.199999999999966
2,1734130550.072485,14.299999999999965
2,1734130550.4247258,14.399999999999965
2,1734130550.9950337,14.499999999999964
2,1734130551.3777623,14.599999999999964
2,1734130551.724258,14.699999999999964
2,1734130552.072531,14.799999999999963
2,1734130552.431928,14.899999999999963
2,1734130552.7810435,14.999999999999963
2,1734130553.133972,15.099999999999962
2,1734130553.4814239,15.199999999999962
2,1734130553.8344574,15.299999999999962
2,1734130554.1923826,15.399999999999961
2,1734130554.5403938,15.499999999999961
2,1734130554.888744,15.59999999999996
2,1734130555.2483604,15.69999999999996
2,1734130555.6006868,15.79999999999996
2,1734130555.947315,15.89999999999996
2,1734130556.3033543,15.99999999999996
2,1734130556.6525187,16.09999999999996
2,1734130557.000808,16.19999999999996
2,1734130557.3523571,16.29999999999996
2,1734130557.7046244,16.399999999999963
2,1734130558.056732,16.499999999999964
2,1734130558.408572,16.599999999999966
2,1734130558.75675,16.699999999999967
2,1734130559.1130595,16.79999999999997
2,1734130559.4683645,16.89999999999997
2,1734130559.8245437,16.99999999999997
2,1734130560.1793637,17.099999999999973
2,1734130560.5416305,17.199999999999974
2,1734130560.8971636,17.299999999999976
2,1734130561.2481089,17.399999999999977
2,1734130561.6154172,17.49999999999998
2,1734130561.9710598,17.59999999999998
2,1734130562.3099473,17.69999999999998
2,1734130562.6543612,17.799999999999983
2,1734130563.0120695,17.899999999999984
2,1734130563.3776815,17.999999999999986
2,1734130563.73523,18.099999999999987
2,1734130564.0870535,18.19999999999999
2,1734130564.4520833,18.29999999999999
2,1734130564.8082457,18.39999999999999
2,1734130565.1605563,18.499999999999993
2,1734130565.5088634,18.599999999999994
2,1734130565.8721101,18.699999999999996
2,1734130566.2202456,18.799999999999997
2,1734130566.5681024,18.9
2,1734130566.9127908,19.0
2,1734130567.2530851,19.1
2,1734130567.5943913,19.200000000000003
2,1734130567.9371984,19.300000000000004
2,1734130568.2826626,19.400000000000006
2,1734130568.630272,19.500000000000007
2,1734130568.9728916,19.60000000000001
2,1734130569.3235152,19.70000000000001
2,1734130569.6810105,19.80000000000001
2,1734130570.0451589,19.900000000000013
2,1734130570.4081695,20.000000000000014
2,1734130570.757832,20.100000000000016
2,1734130571.1152053,20.200000000000017
2,1734130571.4690063,20.30000000000002
2,1734130571.8339384,20.40000000000002
2,1734130572.177032,20.50000000000002
2,1734130572.5248053,20.600000000000023
2,1734130572.879075,20.700000000000024
0,1734130573.4665349,0.2
0,1734130573.8123665,0.30000000000000004
0,1734130574.1644316,0.4
0,1734130574.514838,0.5
0,1734130575.0355322,0.6
0,1734130575.515159,0.7
0,1734130575.872386,0.7999999999999999
0,1734130576.2201877,0.8999999999999999
0,1734130576.576582,0.9999999999999999
0,1734130576.93685,1.0999999999999999
0,1734130577.2923214,1.2
0,1734130577.651118,1.3
0,1734130578.0024674,0.1
0,1734130578.3562562,0.2
0,1734130578.7161396,0.30000000000000004
0,1734130579.0697434,0.4
2,1734130579.4280968,0.5
2,1734130579.7802098,0.6
2,1734130580.1405838,0.7
2,1734130580.495464,0.7999999999999999
2,1734130581.0088146,0.8999999999999999
2,1734130581.6049216,0.9999999999999999
2,1734130581.9652002,1.0999999999999999
2,1734130582.3183107,1.2
2,1734130582.6670566,1.3
2,1734130583.0241265,1.4000000000000001
2,1734130583.3781006,1.5000000000000002
2,1734130583.7361407,1.6000000000000003
2,1734130584.0903091,1.7000000000000004
2,1734130584.4520304,1.8000000000000005
2,1734130585.14671,1.9000000000000006
2,1734130585.6123574,2.0000000000000004
2,1734130585.9690442,2.1000000000000005
2,1734130586.316126,2.2000000000000006
2,1734130587.0232427,2.3000000000000007
2,1734130587.6561987,2.400000000000001
2,1734130588.012111,2.500000000000001
2,1734130588.356096,2.600000000000001
2,1734130588.7103133,2.700000000000001
2,1734130589.0709977,2.800000000000001
2,1734130589.41567,2.9000000000000012
2,1734130589.628401,3.0000000000000013
2,1734130591.1581419,3.1000000000000014
2,1734130591.6473277,3.2000000000000015
2,1734130592.007161,3.3000000000000016
2,1734130592.3709056,3.4000000000000017
2,1734130592.7351737,3.5000000000000018
2,1734130593.095115,3.600000000000002
2,1734130593.459213,3.700000000000002
2,1734130594.0395184,3.800000000000002
2,1734130595.2438989,3.900000000000002
2,1734130595.6396534,4.000000000000002
2,1734130596.0078633,4.100000000000001
2,1734130596.3673427,4.200000000000001
2,1734130596.8386219,4.300000000000001
2,1734130597.2963796,4.4
2,1734130597.7190883,4.5
2,1734130598.07896,4.6
2,1734130598.436173,4.699999999999999
2,1734130598.9401603,4.799999999999999
2,1734130599.5533426,4.899999999999999
2,1734130599.9144998,4.999999999999998
2,1734130600.2787507,5.099999999999998
2,1734130600.7032905,5.1999999999999975
2,1734130601.1433446,5.299999999999997
2,1734130601.5930037,5.399999999999997
2,1734130601.9551597,5.4999999999999964
2,1734130697.974287,0.8999999999999999
2,1734130719.1077893,0.8999999999999999
2,1734130719.5635228,0.9999999999999999
2,1734130719.9937778,1.0999999999999999
2,1734130720.3533728,1.2
2,1734130720.7138622,1.3
2,1734130721.0787416,1.4000000000000001
2,1734130721.4455652,1.5000000000000002
2,1734130721.8092802,1.6000000000000003
2,1734130722.1739311,1.7000000000000004
2,1734130722.5458837,1.8000000000000005
2,1734130722.909677,1.9000000000000006
2,1734130723.273564,2.0000000000000004
2,1734130759.7979429,0.8999999999999999
2,1734130760.143475,0.9999999999999999
2,1734130760.495692,1.0999999999999999
2,1734130760.843706,1.2
2,1734130761.1960993,1.3
2,1734130761.5444698,1.4000000000000001
2,1734130761.9175584,1.5000000000000002
2,1734130762.4884465,1.6000000000000003
2,1734130763.4457731,1.7000000000000004
2,1734130763.905039,1.8000000000000005
2,1734130764.2555037,1.9000000000000006
2,1734130764.6072128,2.0000000000000004
2,1734130764.9588554,2.1000000000000005
2,1734130765.3117552,2.2000000000000006
2,1734130765.6611106,2.3000000000000007
2,1734130766.0158212,2.400000000000001
2,1734130766.3634264,2.500000000000001
2,1734130766.7158344,2.600000000000001
2,1734130767.146049,2.700000000000001
2,1734130767.5866737,2.800000000000001
2,1734130767.987169,2.9000000000000012
2,1734130768.337842,3.0000000000000013
2,1734130768.6909602,3.1000000000000014
2,1734130769.0476573,3.2000000000000015
2,1734130769.3958766,3.3000000000000016
2,1734130769.7433245,3.4000000000000017
2,1734130770.0932844,3.5000000000000018
2,1734130770.4396136,3.600000000000002
2,1734130770.7922707,3.700000000000002
2,1734130771.1393442,3.800000000000002
2,1734130771.4873743,3.900000000000002
2,1734130771.8351867,4.000000000000002
2,1734130772.1831586,4.100000000000001
2,1734130772.539517,4.200000000000001
2,1734130772.887331,4.300000000000001
2,1734130773.2390144,4.4
2,1734130773.5878189,4.5
2,1734130773.935689,4.6
2,1734130774.285427,4.699999999999999
2,1734130774.6332705,4.799999999999999
2,1734130774.9787085,4.899999999999999
2,1734130775.3272774,4.999999999999998
2,1734130775.6753972,5.099999999999998
2,1734130776.02314,5.1999999999999975
2,1734130776.371097,5.299999999999997
2,1734130776.7200046,5.399999999999997
2,1734130777.0714993,5.4999999999999964
2,1734130777.4195795,5.599999999999996
2,1734130777.7712455,5.699999999999996
2,1734130778.1202319,5.799999999999995
2,1734130778.467389,5.899999999999995
2,1734130778.8151836,5.999999999999995
2,1734130779.5547755,6.099999999999994
2,1734130780.1799984,6.199999999999994
2,1734130780.7317274,6.299999999999994
2,1734130781.1153133,6.399999999999993
2,1734130781.467059,6.499999999999993
2,1734130781.8155267,6.5999999999999925
2,1734130782.162957,6.699999999999992
2,1734130782.537928,6.799999999999992
2,1734130782.8989198,6.8999999999999915
2,1734130783.2507322,6.999999999999991
2,1734130783.5993083,7.099999999999991
2,1734130783.9585056,7.19999999999999
2,1734130784.4840019,7.29999999999999
2,1734130784.971279,7.39999999999999
2,1734130785.323853,7.499999999999989
2,1734130785.6712275,7.599999999999989
2,1734130786.019279,7.699999999999989
2,1734130786.3668718,7.799999999999988
2,1734130786.715077,7.899999999999988
2,1734130787.071893,7.999999999999988
2,1734130787.4207997,8.099999999999987
2,1734130787.7671578,8.199999999999987
2,1734130788.2422218,8.299999999999986
2,1734130788.783449,8.399999999999986
2,1734130789.1473348,8.499999999999986
2,1734130789.5011513,8.599999999999985
2,1734130789.8516083,8.699999999999985
2,1734130790.200199,8.799999999999985
2,1734130790.5490139,8.899999999999984
2,1734130790.8994591,8.999999999999984
2,1734130791.2579572,9.099999999999984
2,1734130791.6067379,9.199999999999983
2,1734130791.955499,9.299999999999983
2,1734130792.3041828,9.399999999999983
2,1734130792.6589732,9.499999999999982
2,1734130793.0082722,9.599999999999982
2,1734130793.3623016,9.699999999999982
2,1734130793.715804,9.799999999999981
2,1734130794.0634289,9.89999999999998
2,1734130794.4122765,9.99999999999998
2,1734130794.7570875,10.09999999999998
2,1734130795.1177778,10.19999999999998
2,1734130795.4719038,10.29999999999998
2,1734130795.8237863,10.399999999999979
2,1734130796.1716578,10.499999999999979
2,1734130796.519972,10.599999999999978
2,1734130796.8774192,10.699999999999978
2,1734130797.3667374,10.799999999999978
2,1734130797.765085,10.899999999999977
2,1734130798.4212482,10.999999999999977
2,1734130799.3330004,11.099999999999977
2,1734130799.8192923,11.199999999999976
2,1734130800.506981,11.299999999999976
2,1734130801.0433328,11.399999999999975
2,1734130801.5823004,11.499999999999975
2,1734130802.299389,11.599999999999975
2,1734130803.808538,11.699999999999974
2,1734130804.3469675,11.799999999999974
2,1734130804.8554766,11.899999999999974
2,1734130805.31406,11.999999999999973
2,1734130805.7831416,12.099999999999973
2,1734130806.1930728,12.199999999999973
2,1734130806.783556,12.299999999999972
2,1734130807.8711805,12.399999999999972
2,1734130808.2360287,12.499999999999972
2,1734130808.5872173,12.599999999999971
2,1734130808.9479005,12.69999999999997
2,1734130809.5687208,12.79999999999997
2,1734130809.9760692,12.89999999999997
2,1734130810.3235404,12.99999999999997
2,1734130810.676056,13.09999999999997
2,1734130811.022218,13.199999999999969
2,1734130811.378513,13.299999999999969
2,1734130811.7304964,13.399999999999968
2,1734130812.090585,13.499999999999968
2,1734130812.4396372,13.599999999999968
2,1734130812.7922451,13.699999999999967
2,1734130813.144503,13.799999999999967
2,1734130813.4916737,13.899999999999967
2,1734130813.8456423,13.999999999999966
2,1734130814.3718305,14.099999999999966
2,1734130903.0069613,0.8999999999999999
2,1734130903.3786993,0.9999999999999999
2,1734130903.7429757,1.0999999999999999
2,1734130904.1012492,1.2
2,1734130904.463914,1.3
2,1734130904.8184197,1.4000000000000001
2,1734130905.173753,1.5000000000000002
2,1734130905.523051,1.6000000000000003
2,1734130905.874844,1.7000000000000004
2,1734130906.2350914,1.8000000000000005
2,1734130906.5928938,1.9000000000000006
2,1734130906.9531753,2.0000000000000004
2,1734130907.3173914,2.1000000000000005
2,1734130907.6840293,2.2000000000000006
2,1734130908.0493796,2.3000000000000007
2,1734130908.508114,2.400000000000001
2,1734130909.011708,2.500000000000001
2,1734130910.028842,2.600000000000001
2,1734130910.3986645,2.700000000000001
2,1734130910.762581,2.800000000000001
2,1734130911.1234083,2.9000000000000012
2,1734130917.972233,0.8999999999999999
2,1734130918.334913,0.9999999999999999
2,1734130918.6776445,1.0999999999999999
2,1734130919.0272453,1.2
2,1734130919.6280718,1.3
2,1734130920.2338383,1.4000000000000001
2,1734130920.5850732,1.5000000000000002
2,1734130920.921475,1.6000000000000003
2,1734130921.2903383,1.7000000000000004
2,1734130921.8172462,1.8000000000000005
2,1734130922.2985103,1.9000000000000006
2,1734130922.6582553,2.0000000000000004
2,1734130923.0152504,2.1000000000000005
2,1734130923.3741734,2.2000000000000006
2,1734130923.7299566,2.3000000000000007
2,1734130924.0810218,2.400000000000001
0,1734130925.13662,0.2
0,1734130925.489801,0.30000000000000004
0,1734130925.842128,0.4
0,1734130926.1977694,0.5
0,1734130926.5697436,0.6
0,1734130926.922077,0.1
2,1734130927.269175,0.2
2,1734130927.6216161,0.30000000000000004
2,1734130927.9824035,0.4
2,1734130928.4967866,0.5
2,1734130928.9414263,0.6
2,1734130929.353275,0.7
2,1734130929.70546,0.7999999999999999
2,1734130930.0522027,0.8999999999999999
2,1734130930.4053319,0.9999999999999999
2,1734130930.7543113,1.0999999999999999
2,1734130931.1052768,1.2
2,1734130931.457735,1.3
2,1734130931.8102973,1.4000000000000001
2,1734130945.2480707,0.8999999999999999
2,1734130945.914914,0.9999999999999999
2,1734130946.2640874,1.0999999999999999
2,1734130946.6267638,1.2
2,1734130946.970584,1.3
2,1734130947.3107815,1.4000000000000001
2,1734130947.658342,1.5000000000000002
2,1734130947.9994295,1.6000000000000003
2,1734130949.177849,1.7000000000000004
2,1734130949.8978467,1.8000000000000005
2,1734130950.2469509,1.9000000000000006
2,1734130950.6068118,2.0000000000000004
2,1734130950.9640663,2.1000000000000005
2,1734130951.3196483,2.2000000000000006
2,1734130951.6754587,2.3000000000000007
2,1734130952.0275576,2.400000000000001
2,1734130952.386849,2.500000000000001
2,1734130952.7410119,2.600000000000001
2,1734130953.0953076,2.700000000000001
2,1734130953.4514015,2.800000000000001
2,1734130953.806978,2.9000000000000012
2,1734130954.1631255,3.0000000000000013
2,1734130954.5229883,3.1000000000000014
2,1734130954.8710005,3.2000000000000015
2,1734130955.2252665,3.3000000000000016
2,1734130955.5832782,3.4000000000000017
2,1734130955.936036,3.5000000000000018
2,1734130956.2982192,3.600000000000002
2,1734130956.6472342,3.700000000000002
2,1734130957.0080569,3.800000000000002
2,1734130957.3676708,3.900000000000002
2,1734130957.729388,4.000000000000002
2,1734130958.093988,4.100000000000001
2,1734130958.4631622,4.200000000000001
2,1734130958.8196964,4.300000000000001
2,1734130959.16698,4.4
2,1734130959.5188084,4.5
2,1734130959.87486,4.6
2,1734130960.2233138,4.699999999999999
2,1734130960.5792205,4.799999999999999
2,1734130960.9383242,4.899999999999999
2,1734130961.287197,4.999999999999998
2,1734130961.6429694,5.099999999999998
2,1734130962.0031803,5.1999999999999975
2,1734130962.363277,5.299999999999997
2,1734130962.716392,5.399999999999997
2,1734130963.071226,5.4999999999999964
2,1734130963.4270391,5.599999999999996
2,1734130963.7830207,5.699999999999996
2,1734130964.1355755,5.799999999999995
2,1734130964.4914682,5.899999999999995
2,1734130964.8527114,5.999999999999995
2,1734130965.2089326,6.099999999999994
2,1734130965.5681157,6.199999999999994
2,1734130965.9282901,6.299999999999994
2,1734130966.2804656,6.399999999999993
2,1734130966.6388366,6.499999999999993
2,1734130966.9875896,6.5999999999999925
2,1734130967.339005,6.699999999999992
2,1734130967.6870124,6.799999999999992
0,1734130968.2725217,0.2
0,1734130969.7671864,0.30000000000000004
0,1734130970.2514992,0.4
0,1734130970.6069381,0.5
0,1734130970.955114,0.6
0,1734130971.3108048,0.7
0,1734130971.6707237,0.7999999999999999
0,1734130972.0364056,0.8999999999999999
0,1734130972.5937047,0.9999999999999999
0,1734130973.112073,1.0999999999999999
0,1734130974.2351992,1.2
0,1734130974.5869143,1.3
0,1734130974.9432917,1.4000000000000001
0,1734130975.3072963,1.5000000000000002
0,1734130975.6547492,1.6000000000000003
0,1734130976.0174174,1.7000000000000004
0,1734130976.379088,1.8000000000000005
0,1734130976.7333436,1.9000000000000006
0,1734130977.1017509,2.0000000000000004
0,1734130977.4768174,2.1000000000000005
0,1734130977.8753479,2.2000000000000006
0,1734130978.2450764,2.3000000000000007
0,1734130979.195979,2.400000000000001
0,1734130979.5592933,2.500000000000001
0,1734130979.921665,2.600000000000001
0,1734130980.3538973,2.700000000000001
0,1734130981.1130922,2.800000000000001
0,1734130981.5704088,2.9000000000000012
0,1734130981.962512,3.0000000000000013
0,1734130982.3151991,3.1000000000000014
0,1734130982.6834435,3.2000000000000015
0,1734130983.0442908,3.3000000000000016
0,1734130983.4242463,3.4000000000000017
0,1734130983.7877324,0.1
0,1734130984.1382344,0.2
0,1734130984.495966,0.30000000000000004
0,1734130984.853446,0.4
2,1734130985.206628,0.5
2,1734130986.1721475,0.6
2,1734130987.071977,0.7
2,1734130987.5995996,0.7999999999999999
2,1734130987.9465652,0.8999999999999999
2,1734130988.2990797,0.9999999999999999
2,1734130988.6548467,1.0999999999999999
2,1734130989.021969,1.2
2,1734130989.3706903,1.3
2,1734130989.7347152,1.4000000000000001
2,1734130990.08086,1.5000000000000002
2,1734130990.445658,1.6000000000000003
2,1734130990.8115861,1.7000000000000004
2,1734130991.1670194,1.8000000000000005
2,1734130991.530737,1.9000000000000006
2,1734130991.8791926,2.0000000000000004
2,1734130992.238178,2.1000000000000005
2,1734130992.59878,2.2000000000000006
2,1734130992.9590251,2.3000000000000007
2,1734130993.446994,2.400000000000001
2,1734130994.307172,2.500000000000001
2,1734130994.6677785,2.600000000000001
2,1734130995.0283062,2.700000000000001
2,1734130995.3791168,2.800000000000001
2,1734130995.7470496,2.9000000000000012
2,1734130996.0954444,3.0000000000000013
2,1734130997.0194871,3.1000000000000014
2,1734130997.4643202,3.2000000000000015
2,1734130997.8226676,3.3000000000000016
2,1734130998.169655,3.4000000000000017
2,1734130998.522768,3.5000000000000018
2,1734130998.874852,3.600000000000002
2,1734130999.226659,3.700000000000002
2,1734130999.5788212,3.800000000000002
2,1734130999.9427228,3.900000000000002
2,1734131000.29092,4.000000000000002
2,1734131000.6397445,4.100000000000001
2,1734131000.9864287,4.200000000000001
2,1734131001.3481255,4.300000000000001
2,1734131002.1756032,4.4
2,1734131002.5412428,4.5
2,1734131003.4868872,4.6
2,1734131003.839236,4.699999999999999
2,1734131004.2003174,4.799999999999999
2,1734131004.5628812,4.899999999999999
2,1734131004.907845,4.999999999999998
2,1734131005.255842,5.099999999999998
2,1734131005.6006534,5.1999999999999975
2,1734131005.9484463,5.299999999999997
0,1734131006.300507,0.1
0,1734131006.6498873,0.2
0,1734131006.99039,0.30000000000000004
0,1734131007.3474498,0.4
0,1734131007.6986313,0.5
0,1734131008.0588677,0.6
0,1734131008.4180229,0.7
0,1734131008.7775898,0.7999999999999999
0,1734131009.123356,0.8999999999999999
0,1734131009.4784372,0.9999999999999999
0,1734131009.8316488,1.0999999999999999
0,1734131010.1870873,1.2
0,1734131010.545181,1.3
0,1734131010.9062917,1.4000000000000001
0,1734131011.2631152,1.5000000000000002
0,1734131011.6162279,1.6000000000000003
0,1734131011.9640594,1.7000000000000004
0,1734131012.3189633,1.8000000000000005
0,1734131013.2780962,1.9000000000000006
0,1734131014.3995235,2.0000000000000004
0,1734131014.7478123,2.1000000000000005
0,1734131015.1095726,2.2000000000000006
0,1734131015.461523,2.3000000000000007
0,1734131015.8137078,2.400000000000001
0,1734131016.175224,2.500000000000001
0,1734131016.52463,2.600000000000001
0,1734131016.8887405,2.700000000000001
0,1734131017.24066,2.800000000000001
0,1734131018.3640575,2.9000000000000012
0,1734131019.3000565,3.0000000000000013
0,1734131019.6483939,3.1000000000000014
0,1734131019.996184,3.2000000000000015
0,1734131020.3546941,3.3000000000000016
0,1734131020.7068155,3.4000000000000017
0,1734131021.0604024,3.5000000000000018
0,1734131021.410423,3.600000000000002
0,1734131021.7516353,3.700000000000002
0,1734131022.103393,3.800000000000002
0,1734131022.5688446,0.1
0,1734131023.1804442,0.2
0,1734131023.665985,0.30000000000000004
0,1734131024.0287542,0.4
2,1734131024.3838928,0.5
2,1734131024.7521794,0.6
2,1734131025.108197,0.7
2,1734131025.4689898,0.7999999999999999
2,1734131025.8368747,0.8999999999999999
2,1734131026.192063,0.9999999999999999
2,1734131026.55471,1.0999999999999999
2,1734131026.9075131,1.2
2,1734131027.2516422,1.3
2,1734131027.5984955,1.4000000000000001
2,1734131027.9560542,1.5000000000000002
2,1734131028.3117707,1.6000000000000003
2,1734131028.7399864,1.7000000000000004
2,1734131029.5191448,1.8000000000000005
2,1734131029.8755715,1.9000000000000006
2,1734131030.2250605,2.0000000000000004
2,1734131030.5741613,2.1000000000000005
2,1734131030.9180937,2.2000000000000006
2,1734131031.275026,2.3000000000000007
2,1734131031.644823,2.400000000000001
2,1734131032.0179033,2.500000000000001
2,1734131032.3747644,2.600000000000001
2,1734131032.7226806,2.700000000000001
2,1734131033.0757365,2.800000000000001
2,1734131033.428827,2.9000000000000012
2,1734131033.797634,3.0000000000000013
2,1734131034.163376,3.1000000000000014
2,1734131034.5253167,3.2000000000000015
2,1734131034.8798053,3.3000000000000016
2,1734131035.240499,3.4000000000000017
2,1734131035.5922642,3.5000000000000018
2,1734131035.9588573,3.600000000000002
2,1734131036.322945,3.700000000000002
2,1734131036.6810286,3.800000000000002
2,1734131037.026229,3.900000000000002
2,1734131037.3842986,4.000000000000002
2,1734131037.7426863,4.100000000000001
2,1734131038.0920935,4.200000000000001
2,1734131038.4589863,4.300000000000001
2,1734131038.8070872,4.4
2,1734131039.1528485,4.5
2,1734131039.4981806,4.6
2,1734131039.8522265,4.699999999999999
2,1734131040.1998968,4.799999999999999
2,1734131040.5464857,4.899999999999999
2,1734131040.9048629,4.999999999999998
2,1734131041.2584488,5.099999999999998
2,1734131041.6088195,5.1999999999999975
2,1734131041.9703074,5.299999999999997
2,1734131042.3244734,5.399999999999997
2,1734131042.6864083,5.4999999999999964
2,1734131043.0529726,5.599999999999996
2,1734131043.4066541,5.699999999999996
2,1734131043.7566404,5.799999999999995
2,1734131044.1034815,5.899999999999995
2,1734131044.4551528,5.999999999999995
2,1734131044.8062696,6.099999999999994
2,1734131045.1600282,6.199999999999994
2,1734131045.518723,6.299999999999994
2,1734131045.871655,6.399999999999993
2,1734131046.222034,6.499999999999993
2,1734131046.5738473,6.5999999999999925
2,1734131046.931409,6.699999999999992
2,1734131047.283345,6.799999999999992
2,1734131047.6273065,6.8999999999999915
2,1734131047.9854414,6.999999999999991
2,1734131048.348429,7.099999999999991
2,1734131048.7015638,7.19999999999999
2,1734131049.0532851,7.29999999999999
2,1734131049.402406,7.39999999999999
2,1734131049.7553034,7.499999999999989
2,1734131050.1035142,7.599999999999989
2,1734131050.453395,7.699999999999989
2,1734131050.8065994,7.799999999999988
2,1734131051.1501868,7.899999999999988
2,1734131051.5057108,7.999999999999988
2,1734131051.8580697,8.099999999999987
2,1734131052.2175403,8.199999999999987
2,1734131052.5745993,8.299999999999986
2,1734131052.9246256,8.399999999999986
2,1734131053.2841575,8.499999999999986
2,1734131053.6347308,8.599999999999985
2,1734131053.9862463,8.699999999999985
2,1734131054.3422956,8.799999999999985
2,1734131054.87869,8.899999999999984
2,1734131055.9628403,8.999999999999984
2,1734131056.635226,9.099999999999984
2,1734131056.9959931,9.199999999999983
2,1734131057.3478703,9.299999999999983
2,1734131057.7029467,9.399999999999983
2,1734131058.0500395,9.499999999999982
2,1734131058.3992019,9.599999999999982
2,1734131058.8600159,9.699999999999982
2,1734131060.165667,9.799999999999981
2,1734131060.7154982,9.89999999999998
2,1734131061.055459,9.99999999999998
2,1734131061.407362,10.09999999999998
2,1734131061.7668083,10.19999999999998
2,1734131062.1193433,10.29999999999998
2,1734131062.4635067,10.399999999999979
2,1734131062.8310676,10.499999999999979
2,1734131063.1713657,10.599999999999978
2,1734131063.520993,10.699999999999978
2,1734131064.4333127,10.799999999999978
2,1734131064.791399,10.899999999999977
2,1734131065.1487164,10.999999999999977
2,1734131065.5023456,11.099999999999977
2,1734131065.8571677,11.199999999999976
2,1734131066.2098696,11.299999999999976
2,1734131066.5665965,11.399999999999975
2,1734131066.915261,11.499999999999975
2,1734131067.266449,11.599999999999975
2,1734131067.6268065,11.699999999999974
2,1734131067.9783046,11.799999999999974
2,1734131068.3377187,11.899999999999974
2,1734131068.6906424,11.999999999999973
2,1734131069.063178,12.099999999999973
2,1734131069.4157846,12.199999999999973
2,1734131069.7701983,12.299999999999972
2,1734131070.12629,12.399999999999972
2,1734131070.4782932,12.499999999999972
2,1734131071.1035094,12.599999999999971
2,1734131071.9271603,12.69999999999997
2,1734131072.6464028,12.79999999999997
2,1734131073.0030673,12.89999999999997
2,1734131073.3585384,12.99999999999997
2,1734131073.7149622,13.09999999999997
2,1734131074.0689216,13.199999999999969
2,1734131074.4305158,13.299999999999969
2,1734131075.2555218,13.399999999999968
2,1734131076.8117714,13.499999999999968
2,1734131077.6381743,13.599999999999968
2,1734131077.9921064,13.699999999999967
2,1734131078.350206,13.799999999999967
2,1734131078.7030787,13.899999999999967
2,1734131079.0499814,13.999999999999966
2,1734131079.4063642,14.099999999999966
2,1734131079.764329,14.199999999999966
2,1734131080.1184573,14.299999999999965
2,1734131080.4751828,14.399999999999965
2,1734131081.0343602,14.499999999999964
2,1734131081.7220182,14.599999999999964
2,1734131082.0740976,14.699999999999964
2,1734131082.4263792,14.799999999999963
2,1734131082.799348,14.899999999999963
2,1734131083.1502748,14.999999999999963
2,1734131083.499476,15.099999999999962
2,1734131083.854311,15.199999999999962
2,1734131084.214324,15.299999999999962
2,1734131084.5701678,15.399999999999961
2,1734131084.9348328,15.499999999999961
2,1734131085.3026774,15.59999999999996
2,1734131085.66337,15.69999999999996
2,1734131086.0200632,15.79999999999996
2,1734131086.3768604,15.89999999999996
2,1734131086.7344472,15.99999999999996
2,1734131087.0960712,16.09999999999996
2,1734131087.4755125,16.19999999999996
2,1734131087.8350194,16.29999999999996
2,1734131088.194292,16.399999999999963
2,1734131088.5463588,16.499999999999964
2,1734131088.901013,16.599999999999966
2,1734131089.272653,16.699999999999967
2,1734131089.6297798,16.79999999999997
2,1734131089.9864793,16.89999999999997
2,1734131090.3465877,16.99999999999997
2,1734131090.69792,17.099999999999973
2,1734131091.0497026,17.199999999999974
2,1734131091.408085,17.299999999999976
2,1734131091.762663,17.399999999999977
2,1734131092.109378,17.49999999999998
2,1734131092.4665554,17.59999999999998
2,1734131092.8215592,17.69999999999998
2,1734131093.1792245,17.799999999999983
2,1734131093.564298,17.899999999999984
2,1734131093.9189653,17.999999999999986
2,1734131094.2781358,18.099999999999987
2,1734131094.6303458,18.19999999999999
2,1734131094.9861245,18.29999999999999
2,1734131095.3427796,18.39999999999999
2,1734131095.6935458,18.499999999999993
2,1734131096.0459785,18.599999999999994
2,1734131096.398578,18.699999999999996
2,1734131096.7537801,18.799999999999997
2,1734131097.1018026,18.9
2,1734131097.4583836,19.0
2,1734131097.8177803,19.1
2,1734131098.1689851,19.200000000000003
2,1734131098.5261526,19.300000000000004
2,1734131098.8750317,19.400000000000006
2,1734131099.2338617,19.500000000000007
2,1734131099.5993042,19.60000000000001
2,1734131099.952713,19.70000000000001
2,1734131100.3107476,19.80000000000001
2,1734131100.7566326,19.900000000000013
2,1734131101.2386298,20.000000000000014
2,1734131101.786311,20.100000000000016
2,1734131102.1380208,20.200000000000017
2,1734131102.4985628,20.30000000000002
2,1734131102.8533783,20.40000000000002
2,1734131103.201979,20.50000000000002
2,1734131103.5591304,20.600000000000023
2,1734131103.9171019,20.700000000000024
2,1734131104.2744222,20.800000000000026
0,1734131104.6872475,0.1
0,1734131105.7003875,0.2
0,1734131106.0585036,0.30000000000000004
0,1734131106.4146574,0.4
0,1734131106.7740242,0.5
0,1734131107.1389313,0.6
0,1734131107.4981537,0.7
0,1734131107.8527234,0.7999999999999999
0,1734131108.2152042,0.8999999999999999
0,1734131108.5696497,0.9999999999999999
0,1734131108.9229577,1.0999999999999999
0,1734131109.2809105,1.2
0,1734131109.635121,1.3
0,1734131109.9872744,1.4000000000000001
0,1734131110.3441021,1.5000000000000002
0,1734131110.7142017,1.6000000000000003
0,1734131111.0711176,1.7000000000000004
0,1734131111.4339414,1.8000000000000005
0,1734131111.787026,1.9000000000000006
0,1734131112.1484647,2.0000000000000004
0,1734131112.5098484,2.1000000000000005
0,1734131112.8817012,2.2000000000000006
0,1734131113.2417817,2.3000000000000007
0,1734131113.6027014,2.400000000000001
0,1734131113.964379,2.500000000000001
0,1734131114.3271818,2.600000000000001
0,1734131114.6872418,2.700000000000001
0,1734131115.0470629,0.1
0,1734131115.411204,0.2
0,1734131115.7662337,0.30000000000000004
2,1734131116.1152384,0.4
2,1734131116.4818149,0.5
2,1734131116.841734,0.6
2,1734131117.202066,0.7
2,1734131117.56171,0.7999999999999999
2,1734131117.916217,0.8999999999999999
2,1734131118.2825384,0.9999999999999999
2,1734131118.6493301,1.0999999999999999
2,1734131119.0166936,1.2
2,1734131119.3778422,1.3
2,1734131119.746797,1.4000000000000001
2,1734131120.1077468,1.5000000000000002
2,1734131120.4681213,1.6000000000000003
2,1734131120.8305147,1.7000000000000004
2,1734131121.1875165,1.8000000000000005
2,1734131121.5542147,1.9000000000000006
2,1734131121.9066865,2.0000000000000004
2,1734131122.254731,2.1000000000000005
2,1734131122.610489,2.2000000000000006
2,1734131122.9637406,2.3000000000000007
2,1734131123.3226516,2.400000000000001
2,1734131123.9147491,2.500000000000001
2,1734131124.6864438,2.600000000000001
2,1734131125.0517044,2.700000000000001
2,1734131125.410552,2.800000000000001
2,1734131125.7620335,2.9000000000000012
2,1734131126.1187823,3.0000000000000013
2,1734131126.4780965,3.1000000000000014
2,1734131126.8302991,3.2000000000000015
2,1734131127.1817894,3.3000000000000016
2,1734131127.5343556,3.4000000000000017
2,1734131128.3117185,3.5000000000000018
2,1734131128.777374,3.600000000000002
2,1734131129.1329374,3.700000000000002
2,1734131129.4815352,3.800000000000002
2,1734131129.834331,3.900000000000002
2,1734131130.182891,4.000000000000002
2,1734131130.5403836,4.100000000000001
2,1734131130.893512,4.200000000000001
2,1734131131.2570336,4.300000000000001
2,1734131131.610052,4.4
2,1734131131.9697042,4.5
2,1734131132.3214998,4.6
2,1734131132.6784756,4.699999999999999
2,1734131133.0335734,4.799999999999999
2,1734131133.3920016,4.899999999999999
2,1734131133.7460687,4.999999999999998
2,1734131134.0982482,5.099999999999998
2,1734131134.4504433,5.1999999999999975
2,1734131134.8137898,5.299999999999997
2,1734131135.1753314,5.399999999999997
2,1734131135.5415566,5.4999999999999964
2,1734131135.9060466,5.599999999999996
2,1734131136.2629333,5.699999999999996
2,1734131136.6220973,5.799999999999995
2,1734131136.9788642,5.899999999999995
0,1734131137.3416202,0.1
0,1734131137.7018807,0.2
0,1734131138.0590718,0.30000000000000004
0,1734131138.417873,0.4
0,1734131138.7706227,0.5
0,1734131139.1257231,0.6
0,1734131139.4772117,0.7
0,1734131139.833861,0.7999999999999999
0,1734131140.178287,0.8999999999999999
0,1734131140.5375242,0.9999999999999999
0,1734131140.8977625,1.0999999999999999
0,1734131141.2454407,1.2
0,1734131141.597161,1.3
0,1734131141.9480166,1.4000000000000001
0,1734131142.2975762,1.5000000000000002
0,1734131142.6493576,1.6000000000000003
0,1734131143.0022473,1.7000000000000004
0,1734131143.3537574,1.8000000000000005
0,1734131143.7062318,1.9000000000000006
0,1734131144.0602658,2.0000000000000004
0,1734131144.4136019,2.1000000000000005
0,1734131144.7676504,2.2000000000000006
0,1734131145.1179636,2.3000000000000007
0,1734131145.4693806,2.400000000000001
0,1734131145.8256536,2.500000000000001
0,1734131146.1808474,2.600000000000001
0,1734131146.5337589,2.700000000000001
0,1734131146.885283,2.800000000000001
0,1734131147.237729,2.9000000000000012
0,1734131147.589542,3.0000000000000013
0,1734131147.9454231,3.1000000000000014
0,1734131148.3014235,3.2000000000000015
0,1734131148.659234,3.3000000000000016
0,1734131149.0133362,3.4000000000000017
0,1734131149.3653543,3.5000000000000018
0,1734131149.71735,3.600000000000002
0,1734131150.0737867,3.700000000000002
0,1734131150.4335053,3.800000000000002
0,1734131150.790113,3.900000000000002
0,1734131151.1457782,4.000000000000002
0,1734131151.4972847,4.100000000000001
0,1734131151.846532,4.200000000000001
0,1734131152.215609,4.300000000000001
0,1734131152.5717432,4.4
0,1734131152.9377692,4.5
0,1734131153.28129,4.6
0,1734131153.6335282,4.699999999999999
0,1734131153.9892647,4.799999999999999
0,1734131154.345852,4.899999999999999
0,1734131154.6973734,4.999999999999998
0,1734131155.0534658,5.099999999999998
0,1734131155.4135303,5.1999999999999975
0,1734131155.7657743,5.299999999999997
0,1734131156.1177588,5.399999999999997
0,1734131156.4766724,5.4999999999999964
0,1734131156.8335698,5.599999999999996
0,1734131157.189732,5.699999999999996
0,1734131157.5423784,5.799999999999995
0,1734131157.90407,5.899999999999995
0,1734131158.257521,5.999999999999995
0,1734131158.6156528,6.099999999999994
0,1734131158.9668243,6.199999999999994
0,1734131159.3214438,6.299999999999994
0,1734131159.6734009,6.399999999999993
0,1734131160.0252726,6.499999999999993
0,1734131160.3892975,6.5999999999999925
0,1734131160.7416692,6.699999999999992
0,1734131161.0895557,6.799999999999992
0,1734131161.4343503,0.1
0,1734131161.9256213,0.2
0,1734131162.54603,0.30000000000000004
0,1734131163.623469,0.4
2,1734131163.9727807,0.5
2,1734131164.325133,0.6
2,1734131164.6856236,0.7
2,1734131165.6540167,0.7999999999999999
2,1734131166.9496286,0.8999999999999999
2,1734131167.7243404,0.9999999999999999
2,1734131168.637168,1.0999999999999999
2,1734131169.4936385,1.2
2,1734131169.8922627,1.3
2,1734131170.2414038,1.4000000000000001
2,1734131170.5940013,1.5000000000000002
2,1734131171.6593637,1.6000000000000003
2,1734131172.7808864,1.7000000000000004
2,1734131173.1374893,1.8000000000000005
2,1734131173.499128,1.9000000000000006
2,1734131173.911856,2.0000000000000004
2,1734131174.4761124,2.1000000000000005
2,1734131174.9933782,2.2000000000000006
2,1734131175.6851735,2.3000000000000007
         